Workbook
Name lst_TA_decision: 'codes'!$A$2:$A$5
Name lst_TA_reason: 'codes'!$C$2:$C$9
Name lst_TA_reason_table: 'codes'!$C$2:$D$9
Name lst_FT_decision: 'codes'!$F$2:$F$11
Name lst_FT_code: 'codes'!$H$2:$H$9
Name lst_FT_code_table: 'codes'!$H$2:$J$9
Name lst_FT_sci_excl: 'codes'!$L$2:$L$2
Name lst_boolean: 'codes'!$N$2:$N$6
Name lst_TA_binary_map: 'codes'!$P$2:$P$5
Name lst_TA_binary_map_table: 'codes'!$P$2:$Q$5
Name lst_TA_binary: 'codes'!$S$2:$S$3
Name lst_FT_group_map: 'codes'!$U$2:$U$11
Name lst_FT_group_map_table: 'codes'!$U$2:$V$11
Name lst_FT_group: 'codes'!$X$2:$X$4
Name lst_admin_status: 'codes'!$Z$2:$Z$7
Name lst_admin_status_table: 'codes'!$Z$2:$AB$7
Name lst_dedup_duplicate: 'codes'!$AD$2:$AD$3
Name lst_search_id: 'codes'!$AF$2:$AF$17
Name lst_search_id_table: 'codes'!$AF$2:$AI$17
Name lst_database: 'codes'!$AK$2:$AK$9
Name lst_route: 'codes'!$AM$2:$AM$5
Name lst_not_exclusion: 'codes'!$AO$2:$AO$12
Name TA_master_n: 'merge_TA'!$W$4
Name TA_pool_n: 'merge_TA'!$W$5
Name TA_n_A: 'merge_TA'!$W$6
Name TA_n_B: 'merge_TA'!$W$7
Name TA_n_joint: 'merge_TA'!$W$8
Name TA_n_conflict: 'merge_TA'!$W$9
Name TA_n_invalid: 'merge_TA'!$W$10
Name TA_warning: 'merge_TA'!$W$11
Name TA_exact_n: 'merge_TA'!$W$26
Name TA_exact_agree: 'merge_TA'!$W$27
Name TA_exact_po: 'merge_TA'!$W$28
Name TA_exact_pe: 'merge_TA'!$W$29
Name TA_exact_kappa: 'merge_TA'!$W$30
Name TA_binary_n: 'merge_TA'!$W$37
Name TA_binary_agree: 'merge_TA'!$W$38
Name TA_binary_po: 'merge_TA'!$W$39
Name TA_binary_pe: 'merge_TA'!$W$40
Name TA_binary_kappa: 'merge_TA'!$W$41
Name TA_cal_planned: 'merge_TA'!$W$45
Name TA_cal_seed: 'merge_TA'!$W$46
Name TA_cal_round: 'merge_TA'!$W$47
Name TA_cal_round_seed: 'merge_TA'!$W$48
Name TA_cal_threshold: 'merge_TA'!$W$49
Name TA_cal_resolved: 'merge_TA'!$W$50
Name TA_cal_n: 'merge_TA'!$W$115
Name TA_cal_agree: 'merge_TA'!$W$116
Name TA_cal_po: 'merge_TA'!$W$117
Name TA_cal_pe: 'merge_TA'!$W$118
Name TA_cal_kappa: 'merge_TA'!$W$56
Name TA_cal_ids: 'merge_TA'!$W$51
Name TA_cal_notfound: 'merge_TA'!$W$52
Name TA_cal_den: 'merge_TA'!$W$53
Name TA_cal_num: 'merge_TA'!$W$54
Name TA_cal_raw: 'merge_TA'!$W$55
Name TA_cal_status: 'merge_TA'!$W$57
Name FT_master_n: 'merge_FT'!$X$4
Name FT_pool_n: 'merge_FT'!$X$5
Name FT_n_A: 'merge_FT'!$X$6

Sheet README
A1: 筛选工作簿 Screening workbook (blank template — no records, no decisions)
A3: 生成信息 Generation
A4: generated_on | B4: 2026-10-04
A5: generator | B5: scripts/build_workbooks.py v1.0.0
A6: formula rows (--rows) | B6: 5000
A7: conflict list rows | B7: 1000
A8: regenerate | B8: python3 scripts/build_workbooks.py --reviewer A --reviewer B
A9: status | B9: formal_screening_status=NOT_YET_STARTED; screening_counts_status=NOT_YET_AVAILABLE
A11: 源模板版本 Source templates
A12: 04_screening/screening_log_template.json | B12: protocol_version=2.0; protocol_date=2026-10-02; template_status=blank_template_no_formal_screening_results; sha256=cfaf47ba6ba41094…
A13: 04_screening/fulltext_exclusion_codes.json | B13: protocol_version=2.0; protocol_date=2026-10-02; taxonomy_status=predefined_fixed_hierarchy_no_formal_exclusion_results; sha256=9eebf9f76992e9e3…
A14: 04_screening/screening_manual.md | B14: v2.0, 2026-10-02; sha256=eb965c8c80ceacc1…
A15: 04_screening/calibration_plan.md | B15: markdown; sha256=3079ba797e4970d3…
A16: 03_search/search_log_template.json | B16: protocol_version=2.0; protocol_date=2026-10-02; strategy_version=v2.0 / search-draft-0.3; draft_updated=2026-10-03; template_status=DRAFT — NOT EXECUTED; sha256=324d799882afe940…
A17: 05_extraction/data_dictionary.json | B17: metadata.version=2.0; metadata.date=2026-10-02; metadata.schema_verified_date=2026-10-03; sha256=11bd54268fba718a…
A19: 使用步骤 How to use
B20: 1. 数据管理员：撤销 records_master 工作表保护（无密码：审阅→撤销工作表保护），以“仅粘贴数值”导入去重后的正式检索记录（含重复记录行并标注 dedup_status），然后重新保护。不得加入摸底/校准示例记录。
B21: 2. 每位审阅者使用自己的副本，只填写本人 sheet（screen_TA_reviewer_A 或 _B）；锁定本人决定前不得查看对方 sheet。决定列为下拉选择，结构列已锁定。不要排序、插入或删除行：第 n 行与 records_master 第 n 行对应。
B22: 3. 双方锁定后，数据管理员把两份决定合入同一工作簿（复制 decision 等输入列的数值），merge_TA 自动给出一致标记、冲突清单、每人计数、原始一致率与 Cohen kappa；或用 scripts/merge_screening.py 合并两份导出文件。
B23: 4. 校准：merge_TA 中 calibration_50 区块——粘贴按 seed=20261002 抽取的记录号，填写是否全部概念性分歧已解决；通过条件为原始一致率 ≥80% 且分歧全部解决，kappa 仅描述。
B24: 5. 冲突讨论后仍未解决者交预先指定的裁决者（姓名待定，不得虚构）。讨论记录写入 log。
B25: 6. 全文阶段同理：screen_FT_reviewer_A/B → merge_FT。管理状态（重复、未获取、待翻译、待分类、预印本前沿登记）不是科学排除，不填 FT 代码；check_code_rule 列会提示违规。
B26: 7. 任何未执行阶段的计数一律留空或记为 NOT YET AVAILABLE，绝不写 0。
A28: 维护规则 Maintenance rule
B29: 先修改 JSON 模板，再运行脚本重新生成；不得手工修改生成的 xlsx 结构（sheet、列、下拉、保护）。
B30: 工作表保护不设密码，仅用于防止误改结构。
B31: 下拉列表全部来自 codes 工作表，codes 由 JSON 生成。
A33: 模板解释 Interpretations of JSON fields
B34: TA decision list = screening_log_template.field_schema.screening_dispositions filtered to the dispositions printed in bold in screening_manual.md section "B. Title/abstract" (the JSON does not tag dispositions by stage). The task wording "include / exclude / unclear" is implemented with these JSON values: ADVANCE ~ include/progress, EXCLUDE_TA ~ exclude, AWAITING_CLASSIFICATION ~ unclear, FRONTIER_PREPRINT = preprint routing.
B35: FT decision list = all screening_dispositions except the TA-only ones (TA dispositions that are not administrative statuses in fulltext_exclusion_codes.json).
B36: TA primary_reason dropdown re-uses the FT01-FT08 eligibility hierarchy (the manual requires "one primary reason" at TA but defines no separate TA reason codes).
B37: FT primary_exclusion_code dropdown contains only FT01-FT08. The administrative statuses (DUPLICATE_*, NOT_RETRIEVED, AWAITING_*, FRONTIER_PREPRINT) are offered in the FT decision dropdown instead, because screening_log_template record_validation_rules state that administrative statuses require a null primary exclusion code.
B38: Calibration binary grouping (progress / do not exclude vs EXCLUDE_TA) and the 80% raw-agreement threshold are parsed from calibration_plan.md; planned sample size, seed and sampled IDs come from screening_log_template.calibration.
B39: FT agreement is also summarised on a 3-group collapse: INCLUDE (non-administrative, non-exclusion FT dispositions), SCIENTIFIC_EXCLUSION (non-administrative dispositions containing "EXCLUDE"), ADMINISTRATIVE_STATUS (statuses listed in fulltext_exclusion_codes.json). The group labels are formula mechanics, not protocol codes.
B40: dedup_status uses the administrative statuses whose name starts with DUPLICATE; blank means retained/unique (no JSON label exists for a retained record). Rows flagged as duplicates are hidden from the reviewer sheets.
B41: records_master columns: record_id/source/route conventions follow screening_log_template and search_log_template; the bibliographic columns (title, authors, year, journal, doi, pmid, abstract) and dedup_group_id are not defined in any JSON template and follow the task specification.
B42: A_eligible / B_eligible use TRUE/FALSE (JSON booleans) plus NR/NA/UNCLEAR from data_dictionary.json.
B43: FT "page/location" is the JSON field evidence_locations; "supporting passage" and "note" are added columns.
A45: 模板不一致提示 Template issues detected
B46: none detected by the generator

Sheet records_master
A1: record_id | B1: source_database | C1: search_id | D1: route | E1: title | F1: authors | G1: year | H1: journal | I1: doi | J1: pmid | K1: abstract | L1: dedup_group_id | M1: dedup_status | N1: retained_record_id

Sheet screen_TA_reviewer_A
A1: record_id | B1: title | C1: decision | D1: primary_reason | E1: rationale_or_quote | F1: decided_at | G1: note
A2: =IF(OR(records_master!$A2="",ISNUMBER(MATCH(records_master!$M2,lst_dedup_duplicate,0))),"",records_master!$A2) | B2: =IF($A2="","",records_master!$E2)
A3: =IF(OR(records_master!$A3="",ISNUMBER(MATCH(records_master!$M3,lst_dedup_duplicate,0))),"",records_master!$A3) | B3: =IF($A3="","",records_master!$E3)
A4: =IF(OR(records_master!$A4="",ISNUMBER(MATCH(records_master!$M4,lst_dedup_duplicate,0))),"",records_master!$A4) | B4: =IF($A4="","",records_master!$E4)
A5: =IF(OR(records_master!$A5="",ISNUMBER(MATCH(records_master!$M5,lst_dedup_duplicate,0))),"",records_master!$A5) | B5: =IF($A5="","",records_master!$E5)
A6: =IF(OR(records_master!$A6="",ISNUMBER(MATCH(records_master!$M6,lst_dedup_duplicate,0))),"",records_master!$A6) | B6: =IF($A6="","",records_master!$E6)
A7: =IF(OR(records_master!$A7="",ISNUMBER(MATCH(records_master!$M7,lst_dedup_duplicate,0))),"",records_master!$A7) | B7: =IF($A7="","",records_master!$E7)
A8: =IF(OR(records_master!$A8="",ISNUMBER(MATCH(records_master!$M8,lst_dedup_duplicate,0))),"",records_master!$A8) | B8: =IF($A8="","",records_master!$E8)
A9: =IF(OR(records_master!$A9="",ISNUMBER(MATCH(records_master!$M9,lst_dedup_duplicate,0))),"",records_master!$A9) | B9: =IF($A9="","",records_master!$E9)
A10: =IF(OR(records_master!$A10="",ISNUMBER(MATCH(records_master!$M10,lst_dedup_duplicate,0))),"",records_master!$A10) | B10: =IF($A10="","",records_master!$E10)
A11: =IF(OR(records_master!$A11="",ISNUMBER(MATCH(records_master!$M11,lst_dedup_duplicate,0))),"",records_master!$A11) | B11: =IF($A11="","",records_master!$E11)
A12: =IF(OR(records_master!$A12="",ISNUMBER(MATCH(records_master!$M12,lst_dedup_duplicate,0))),"",records_master!$A12) | B12: =IF($A12="","",records_master!$E12)
A13: =IF(OR(records_master!$A13="",ISNUMBER(MATCH(records_master!$M13,lst_dedup_duplicate,0))),"",records_master!$A13) | B13: =IF($A13="","",records_master!$E13)
... A5001: =IF(OR(records_master!$A5001="",ISNUMBER(MATCH(records_master!$M5001,lst_dedup_duplicate,0))),"",records_master!$A5001) | B5001: =IF($A5001="","",records_master!$E5001)

Sheet screen_TA_reviewer_B
A1: record_id | B1: title | C1: decision | D1: primary_reason | E1: rationale_or_quote | F1: decided_at | G1: note
A2: =IF(OR(records_master!$A2="",ISNUMBER(MATCH(records_master!$M2,lst_dedup_duplicate,0))),"",records_master!$A2) | B2: =IF($A2="","",records_master!$E2)
A3: =IF(OR(records_master!$A3="",ISNUMBER(MATCH(records_master!$M3,lst_dedup_duplicate,0))),"",records_master!$A3) | B3: =IF($A3="","",records_master!$E3)
A4: =IF(OR(records_master!$A4="",ISNUMBER(MATCH(records_master!$M4,lst_dedup_duplicate,0))),"",records_master!$A4) | B4: =IF($A4="","",records_master!$E4)
A5: =IF(OR(records_master!$A5="",ISNUMBER(MATCH(records_master!$M5,lst_dedup_duplicate,0))),"",records_master!$A5) | B5: =IF($A5="","",records_master!$E5)
A6: =IF(OR(records_master!$A6="",ISNUMBER(MATCH(records_master!$M6,lst_dedup_duplicate,0))),"",records_master!$A6) | B6: =IF($A6="","",records_master!$E6)
A7: =IF(OR(records_master!$A7="",ISNUMBER(MATCH(records_master!$M7,lst_dedup_duplicate,0))),"",records_master!$A7) | B7: =IF($A7="","",records_master!$E7)
A8: =IF(OR(records_master!$A8="",ISNUMBER(MATCH(records_master!$M8,lst_dedup_duplicate,0))),"",records_master!$A8) | B8: =IF($A8="","",records_master!$E8)
A9: =IF(OR(records_master!$A9="",ISNUMBER(MATCH(records_master!$M9,lst_dedup_duplicate,0))),"",records_master!$A9) | B9: =IF($A9="","",records_master!$E9)
A10: =IF(OR(records_master!$A10="",ISNUMBER(MATCH(records_master!$M10,lst_dedup_duplicate,0))),"",records_master!$A10) | B10: =IF($A10="","",records_master!$E10)
A11: =IF(OR(records_master!$A11="",ISNUMBER(MATCH(records_master!$M11,lst_dedup_duplicate,0))),"",records_master!$A11) | B11: =IF($A11="","",records_master!$E11)
A12: =IF(OR(records_master!$A12="",ISNUMBER(MATCH(records_master!$M12,lst_dedup_duplicate,0))),"",records_master!$A12) | B12: =IF($A12="","",records_master!$E12)
A13: =IF(OR(records_master!$A13="",ISNUMBER(MATCH(records_master!$M13,lst_dedup_duplicate,0))),"",records_master!$A13) | B13: =IF($A13="","",records_master!$E13)
... A5001: =IF(OR(records_master!$A5001="",ISNUMBER(MATCH(records_master!$M5001,lst_dedup_duplicate,0))),"",records_master!$A5001) | B5001: =IF($A5001="","",records_master!$E5001)

Sheet screen_FT_reviewer_A
A1: record_id | B1: title | C1: decision | D1: primary_exclusion_code | E1: secondary_failed_dimensions | F1: A_eligible | G1: B_eligible | H1: evidence_locations | I1: rationale | J1: decided_at | K1: supporting_passage | L1: note | M1: check_code_rule
A2: =IF(OR(records_master!$A2="",ISNUMBER(MATCH(records_master!$M2,lst_dedup_duplicate,0))),"",records_master!$A2) | B2: =IF($A2="","",records_master!$E2) | M2: =IF($A2="","",IF(AND(ISNUMBER(MATCH(C2,lst_FT_sci_excl,0)),D2=""),"MISSING FT CODE",IF(AND(NOT(ISNUMBER(MATCH(C2,lst_FT_sci_excl,0))),D2<>""),"CODE NOT ALLOWED FOR THIS DECISION","")))
A3: =IF(OR(records_master!$A3="",ISNUMBER(MATCH(records_master!$M3,lst_dedup_duplicate,0))),"",records_master!$A3) | B3: =IF($A3="","",records_master!$E3) | M3: =IF($A3="","",IF(AND(ISNUMBER(MATCH(C3,lst_FT_sci_excl,0)),D3=""),"MISSING FT CODE",IF(AND(NOT(ISNUMBER(MATCH(C3,lst_FT_sci_excl,0))),D3<>""),"CODE NOT ALLOWED FOR THIS DECISION","")))
A4: =IF(OR(records_master!$A4="",ISNUMBER(MATCH(records_master!$M4,lst_dedup_duplicate,0))),"",records_master!$A4) | B4: =IF($A4="","",records_master!$E4) | M4: =IF($A4="","",IF(AND(ISNUMBER(MATCH(C4,lst_FT_sci_excl,0)),D4=""),"MISSING FT CODE",IF(AND(NOT(ISNUMBER(MATCH(C4,lst_FT_sci_excl,0))),D4<>""),"CODE NOT ALLOWED FOR THIS DECISION","")))
A5: =IF(OR(records_master!$A5="",ISNUMBER(MATCH(records_master!$M5,lst_dedup_duplicate,0))),"",records_master!$A5) | B5: =IF($A5="","",records_master!$E5) | M5: =IF($A5="","",IF(AND(ISNUMBER(MATCH(C5,lst_FT_sci_excl,0)),D5=""),"MISSING FT CODE",IF(AND(NOT(ISNUMBER(MATCH(C5,lst_FT_sci_excl,0))),D5<>""),"CODE NOT ALLOWED FOR THIS DECISION","")))
A6: =IF(OR(records_master!$A6="",ISNUMBER(MATCH(records_master!$M6,lst_dedup_duplicate,0))),"",records_master!$A6) | B6: =IF($A6="","",records_master!$E6) | M6: =IF($A6="","",IF(AND(ISNUMBER(MATCH(C6,lst_FT_sci_excl,0)),D6=""),"MISSING FT CODE",IF(AND(NOT(ISNUMBER(MATCH(C6,lst_FT_sci_excl,0))),D6<>""),"CODE NOT ALLOWED FOR THIS DECISION","")))
A7: =IF(OR(records_master!$A7="",ISNUMBER(MATCH(records_master!$M7,lst_dedup_duplicate,0))),"",records_master!$A7) | B7: =IF($A7="","",records_master!$E7) | M7: =IF($A7="","",IF(AND(ISNUMBER(MATCH(C7,lst_FT_sci_excl,0)),D7=""),"MISSING FT CODE",IF(AND(NOT(ISNUMBER(MATCH(C7,lst_FT_sci_excl,0))),D7<>""),"CODE NOT ALLOWED FOR THIS DECISION","")))
A8: =IF(OR(records_master!$A8="",ISNUMBER(MATCH(records_master!$M8,lst_dedup_duplicate,0))),"",records_master!$A8) | B8: =IF($A8="","",records_master!$E8) | M8: =IF($A8="","",IF(AND(ISNUMBER(MATCH(C8,lst_FT_sci_excl,0)),D8=""),"MISSING FT CODE",IF(AND(NOT(ISNUMBER(MATCH(C8,lst_FT_sci_excl,0))),D8<>""),"CODE NOT ALLOWED FOR THIS DECISION","")))
A9: =IF(OR(records_master!$A9="",ISNUMBER(MATCH(records_master!$M9,lst_dedup_duplicate,0))),"",records_master!$A9) | B9: =IF($A9="","",records_master!$E9) | M9: =IF($A9="","",IF(AND(ISNUMBER(MATCH(C9,lst_FT_sci_excl,0)),D9=""),"MISSING FT CODE",IF(AND(NOT(ISNUMBER(MATCH(C9,lst_FT_sci_excl,0))),D9<>""),"CODE NOT ALLOWED FOR THIS DECISION","")))
A10: =IF(OR(records_master!$A10="",ISNUMBER(MATCH(records_master!$M10,lst_dedup_duplicate,0))),"",records_master!$A10) | B10: =IF($A10="","",records_master!$E10) | M10: =IF($A10="","",IF(AND(ISNUMBER(MATCH(C10,lst_FT_sci_excl,0)),D10=""),"MISSING FT CODE",IF(AND(NOT(ISNUMBER(MATCH(C10,lst_FT_sci_excl,0))),D10<>""),"CODE NOT ALLOWED FOR THIS DECISION","")))
A11: =IF(OR(records_master!$A11="",ISNUMBER(MATCH(records_master!$M11,lst_dedup_duplicate,0))),"",records_master!$A11) | B11: =IF($A11="","",records_master!$E11) | M11: =IF($A11="","",IF(AND(ISNUMBER(MATCH(C11,lst_FT_sci_excl,0)),D11=""),"MISSING FT CODE",IF(AND(NOT(ISNUMBER(MATCH(C11,lst_FT_sci_excl,0))),D11<>""),"CODE NOT ALLOWED FOR THIS DECISION","")))
A12: =IF(OR(records_master!$A12="",ISNUMBER(MATCH(records_master!$M12,lst_dedup_duplicate,0))),"",records_master!$A12) | B12: =IF($A12="","",records_master!$E12) | M12: =IF($A12="","",IF(AND(ISNUMBER(MATCH(C12,lst_FT_sci_excl,0)),D12=""),"MISSING FT CODE",IF(AND(NOT(ISNUMBER(MATCH(C12,lst_FT_sci_excl,0))),D12<>""),"CODE NOT ALLOWED FOR THIS DECISION","")))
A13: =IF(OR(records_master!$A13="",ISNUMBER(MATCH(records_master!$M13,lst_dedup_duplicate,0))),"",records_master!$A13) | B13: =IF($A13="","",records_master!$E13) | M13: =IF($A13="","",IF(AND(ISNUMBER(MATCH(C13,lst_FT_sci_excl,0)),D13=""),"MISSING FT CODE",IF(AND(NOT(ISNUMBER(MATCH(C13,lst_FT_sci_excl,0))),D13<>""),"CODE NOT ALLOWED FOR THIS DECISION","")))
... A5001: =IF(OR(records_master!$A5001="",ISNUMBER(MATCH(records_master!$M5001,lst_dedup_duplicate,0))),"",records_master!$A5001) | B5001: =IF($A5001="","",records_master!$E5001) | M5001: =IF($A5001="","",IF(AND(ISNUMBER(MATCH(C5001,lst_FT_sci_excl,0)),D5001=""),"MISSING FT CODE",IF(AND(NOT(ISNUMBER(MATCH(C5001,lst_FT_sci_excl,0))),D5001<>""),"CODE NOT ALLOWED FOR THIS DECISION","")))

Sheet screen_FT_reviewer_B
A1: record_id | B1: title | C1: decision | D1: primary_exclusion_code | E1: secondary_failed_dimensions | F1: A_eligible | G1: B_eligible | H1: evidence_locations | I1: rationale | J1: decided_at | K1: supporting_passage | L1: note | M1: check_code_rule
A2: =IF(OR(records_master!$A2="",ISNUMBER(MATCH(records_master!$M2,lst_dedup_duplicate,0))),"",records_master!$A2) | B2: =IF($A2="","",records_master!$E2) | M2: =IF($A2="","",IF(AND(ISNUMBER(MATCH(C2,lst_FT_sci_excl,0)),D2=""),"MISSING FT CODE",IF(AND(NOT(ISNUMBER(MATCH(C2,lst_FT_sci_excl,0))),D2<>""),"CODE NOT ALLOWED FOR THIS DECISION","")))
A3: =IF(OR(records_master!$A3="",ISNUMBER(MATCH(records_master!$M3,lst_dedup_duplicate,0))),"",records_master!$A3) | B3: =IF($A3="","",records_master!$E3) | M3: =IF($A3="","",IF(AND(ISNUMBER(MATCH(C3,lst_FT_sci_excl,0)),D3=""),"MISSING FT CODE",IF(AND(NOT(ISNUMBER(MATCH(C3,lst_FT_sci_excl,0))),D3<>""),"CODE NOT ALLOWED FOR THIS DECISION","")))
A4: =IF(OR(records_master!$A4="",ISNUMBER(MATCH(records_master!$M4,lst_dedup_duplicate,0))),"",records_master!$A4) | B4: =IF($A4="","",records_master!$E4) | M4: =IF($A4="","",IF(AND(ISNUMBER(MATCH(C4,lst_FT_sci_excl,0)),D4=""),"MISSING FT CODE",IF(AND(NOT(ISNUMBER(MATCH(C4,lst_FT_sci_excl,0))),D4<>""),"CODE NOT ALLOWED FOR THIS DECISION","")))
A5: =IF(OR(records_master!$A5="",ISNUMBER(MATCH(records_master!$M5,lst_dedup_duplicate,0))),"",records_master!$A5) | B5: =IF($A5="","",records_master!$E5) | M5: =IF($A5="","",IF(AND(ISNUMBER(MATCH(C5,lst_FT_sci_excl,0)),D5=""),"MISSING FT CODE",IF(AND(NOT(ISNUMBER(MATCH(C5,lst_FT_sci_excl,0))),D5<>""),"CODE NOT ALLOWED FOR THIS DECISION","")))
A6: =IF(OR(records_master!$A6="",ISNUMBER(MATCH(records_master!$M6,lst_dedup_duplicate,0))),"",records_master!$A6) | B6: =IF($A6="","",records_master!$E6) | M6: =IF($A6="","",IF(AND(ISNUMBER(MATCH(C6,lst_FT_sci_excl,0)),D6=""),"MISSING FT CODE",IF(AND(NOT(ISNUMBER(MATCH(C6,lst_FT_sci_excl,0))),D6<>""),"CODE NOT ALLOWED FOR THIS DECISION","")))
A7: =IF(OR(records_master!$A7="",ISNUMBER(MATCH(records_master!$M7,lst_dedup_duplicate,0))),"",records_master!$A7) | B7: =IF($A7="","",records_master!$E7) | M7: =IF($A7="","",IF(AND(ISNUMBER(MATCH(C7,lst_FT_sci_excl,0)),D7=""),"MISSING FT CODE",IF(AND(NOT(ISNUMBER(MATCH(C7,lst_FT_sci_excl,0))),D7<>""),"CODE NOT ALLOWED FOR THIS DECISION","")))
A8: =IF(OR(records_master!$A8="",ISNUMBER(MATCH(records_master!$M8,lst_dedup_duplicate,0))),"",records_master!$A8) | B8: =IF($A8="","",records_master!$E8) | M8: =IF($A8="","",IF(AND(ISNUMBER(MATCH(C8,lst_FT_sci_excl,0)),D8=""),"MISSING FT CODE",IF(AND(NOT(ISNUMBER(MATCH(C8,lst_FT_sci_excl,0))),D8<>""),"CODE NOT ALLOWED FOR THIS DECISION","")))
A9: =IF(OR(records_master!$A9="",ISNUMBER(MATCH(records_master!$M9,lst_dedup_duplicate,0))),"",records_master!$A9) | B9: =IF($A9="","",records_master!$E9) | M9: =IF($A9="","",IF(AND(ISNUMBER(MATCH(C9,lst_FT_sci_excl,0)),D9=""),"MISSING FT CODE",IF(AND(NOT(ISNUMBER(MATCH(C9,lst_FT_sci_excl,0))),D9<>""),"CODE NOT ALLOWED FOR THIS DECISION","")))
A10: =IF(OR(records_master!$A10="",ISNUMBER(MATCH(records_master!$M10,lst_dedup_duplicate,0))),"",records_master!$A10) | B10: =IF($A10="","",records_master!$E10) | M10: =IF($A10="","",IF(AND(ISNUMBER(MATCH(C10,lst_FT_sci_excl,0)),D10=""),"MISSING FT CODE",IF(AND(NOT(ISNUMBER(MATCH(C10,lst_FT_sci_excl,0))),D10<>""),"CODE NOT ALLOWED FOR THIS DECISION","")))
A11: =IF(OR(records_master!$A11="",ISNUMBER(MATCH(records_master!$M11,lst_dedup_duplicate,0))),"",records_master!$A11) | B11: =IF($A11="","",records_master!$E11) | M11: =IF($A11="","",IF(AND(ISNUMBER(MATCH(C11,lst_FT_sci_excl,0)),D11=""),"MISSING FT CODE",IF(AND(NOT(ISNUMBER(MATCH(C11,lst_FT_sci_excl,0))),D11<>""),"CODE NOT ALLOWED FOR THIS DECISION","")))
A12: =IF(OR(records_master!$A12="",ISNUMBER(MATCH(records_master!$M12,lst_dedup_duplicate,0))),"",records_master!$A12) | B12: =IF($A12="","",records_master!$E12) | M12: =IF($A12="","",IF(AND(ISNUMBER(MATCH(C12,lst_FT_sci_excl,0)),D12=""),"MISSING FT CODE",IF(AND(NOT(ISNUMBER(MATCH(C12,lst_FT_sci_excl,0))),D12<>""),"CODE NOT ALLOWED FOR THIS DECISION","")))
A13: =IF(OR(records_master!$A13="",ISNUMBER(MATCH(records_master!$M13,lst_dedup_duplicate,0))),"",records_master!$A13) | B13: =IF($A13="","",records_master!$E13) | M13: =IF($A13="","",IF(AND(ISNUMBER(MATCH(C13,lst_FT_sci_excl,0)),D13=""),"MISSING FT CODE",IF(AND(NOT(ISNUMBER(MATCH(C13,lst_FT_sci_excl,0))),D13<>""),"CODE NOT ALLOWED FOR THIS DECISION","")))
... A5001: =IF(OR(records_master!$A5001="",ISNUMBER(MATCH(records_master!$M5001,lst_dedup_duplicate,0))),"",records_master!$A5001) | B5001: =IF($A5001="","",records_master!$E5001) | M5001: =IF($A5001="","",IF(AND(ISNUMBER(MATCH(C5001,lst_FT_sci_excl,0)),D5001=""),"MISSING FT CODE",IF(AND(NOT(ISNUMBER(MATCH(C5001,lst_FT_sci_excl,0))),D5001<>""),"CODE NOT ALLOWED FOR THIS DECISION","")))

Sheet merge_TA
A1: record_id | B1: decision_A | C1: decision_B | D1: primary_reason_A | E1: primary_reason_B | F1: both_decided | G1: exact_agree | H1: binary_A | I1: binary_B | J1: binary_agree | K1: conflict | L1: conflict_seq | N1: conflict_no | O1: row_in_table | P1: record_id | Q1: decision_A | R1: decision_B | S1: primary_reason_A | T1: primary_reason_B | V1: SUMMARY merge_TA (worksheet formulas; do not edit)
A2: =IF(screen_TA_reviewer_A!$A2="","",screen_TA_reviewer_A!$A2) | B2: =IF(OR($A2="",screen_TA_reviewer_A!$C2=""),"",screen_TA_reviewer_A!$C2) | C2: =IF(OR($A2="",screen_TA_reviewer_B!$C2=""),"",screen_TA_reviewer_B!$C2) | D2: =IF(OR($A2="",screen_TA_reviewer_A!$D2=""),"",screen_TA_reviewer_A!$D2) | E2: =IF(OR($A2="",screen_TA_reviewer_B!$D2=""),"",screen_TA_reviewer_B!$D2) | F2: =IF(AND(B2<>"",C2<>""),1,"") | G2: =IF(F2=1,IF(B2=C2,1,0),"") | H2: =IF(B2="","",IFERROR(VLOOKUP(B2,lst_TA_binary_map_table,2,FALSE),"INVALID")) | I2: =IF(C2="","",IFERROR(VLOOKUP(C2,lst_TA_binary_map_table,2,FALSE),"INVALID")) | J2: =IF(F2=1,IF(H2=I2,1,0),"") | K2: =IF(G2=0,1,"") | L2: =IF(K2=1,COUNTIF($K$2:K2,1),"") | N2: 1 | O2: =IFERROR(MATCH(N2,$L$2:$L$5001,0),"") | P2: =IF(O2="","",INDEX($A$2:$A$5001,O2)) | Q2: =IF(O2="","",INDEX($B$2:$B$5001,O2)) | R2: =IF(O2="","",INDEX($C$2:$C$5001,O2)) | S2: =IF(O2="","",INDEX($D$2:$D$5001,O2)) | T2: =IF(O2="","",INDEX($E$2:$E$5001,O2)) | V2: Pass rule (calibration_plan.md): raw agreement on binary progress / do not exclude vs EXCLUDE_TA ≥ 80% AND every conceptual disagreement resolved. Kappa is descriptive only.
A3: =IF(screen_TA_reviewer_A!$A3="","",screen_TA_reviewer_A!$A3) | B3: =IF(OR($A3="",screen_TA_reviewer_A!$C3=""),"",screen_TA_reviewer_A!$C3) | C3: =IF(OR($A3="",screen_TA_reviewer_B!$C3=""),"",screen_TA_reviewer_B!$C3) | D3: =IF(OR($A3="",screen_TA_reviewer_A!$D3=""),"",screen_TA_reviewer_A!$D3) | E3: =IF(OR($A3="",screen_TA_reviewer_B!$D3=""),"",screen_TA_reviewer_B!$D3) | F3: =IF(AND(B3<>"",C3<>""),1,"") | G3: =IF(F3=1,IF(B3=C3,1,0),"") | H3: =IF(B3="","",IFERROR(VLOOKUP(B3,lst_TA_binary_map_table,2,FALSE),"INVALID")) | I3: =IF(C3="","",IFERROR(VLOOKUP(C3,lst_TA_binary_map_table,2,FALSE),"INVALID")) | J3: =IF(F3=1,IF(H3=I3,1,0),"") | K3: =IF(G3=0,1,"") | L3: =IF(K3=1,COUNTIF($K$2:K3,1),"") | N3: 2 | O3: =IFERROR(MATCH(N3,$L$2:$L$5001,0),"") | P3: =IF(O3="","",INDEX($A$2:$A$5001,O3)) | Q3: =IF(O3="","",INDEX($B$2:$B$5001,O3)) | R3: =IF(O3="","",INDEX($C$2:$C$5001,O3)) | S3: =IF(O3="","",INDEX($D$2:$D$5001,O3)) | T3: =IF(O3="","",INDEX($E$2:$E$5001,O3))
A4: =IF(screen_TA_reviewer_A!$A4="","",screen_TA_reviewer_A!$A4) | B4: =IF(OR($A4="",screen_TA_reviewer_A!$C4=""),"",screen_TA_reviewer_A!$C4) | C4: =IF(OR($A4="",screen_TA_reviewer_B!$C4=""),"",screen_TA_reviewer_B!$C4) | D4: =IF(OR($A4="",screen_TA_reviewer_A!$D4=""),"",screen_TA_reviewer_A!$D4) | E4: =IF(OR($A4="",screen_TA_reviewer_B!$D4=""),"",screen_TA_reviewer_B!$D4) | F4: =IF(AND(B4<>"",C4<>""),1,"") | G4: =IF(F4=1,IF(B4=C4,1,0),"") | H4: =IF(B4="","",IFERROR(VLOOKUP(B4,lst_TA_binary_map_table,2,FALSE),"INVALID")) | I4: =IF(C4="","",IFERROR(VLOOKUP(C4,lst_TA_binary_map_table,2,FALSE),"INVALID")) | J4: =IF(F4=1,IF(H4=I4,1,0),"") | K4: =IF(G4=0,1,"") | L4: =IF(K4=1,COUNTIF($K$2:K4,1),"") | N4: 3 | O4: =IFERROR(MATCH(N4,$L$2:$L$5001,0),"") | P4: =IF(O4="","",INDEX($A$2:$A$5001,O4)) | Q4: =IF(O4="","",INDEX($B$2:$B$5001,O4)) | R4: =IF(O4="","",INDEX($C$2:$C$5001,O4)) | S4: =IF(O4="","",INDEX($D$2:$D$5001,O4)) | T4: =IF(O4="","",INDEX($E$2:$E$5001,O4)) | V4: records in records_master (non-blank record_id) | W4: =SUMPRODUCT(--(records_master!$A$2:$A$5001<>""))
A5: =IF(screen_TA_reviewer_A!$A5="","",screen_TA_reviewer_A!$A5) | B5: =IF(OR($A5="",screen_TA_reviewer_A!$C5=""),"",screen_TA_reviewer_A!$C5) | C5: =IF(OR($A5="",screen_TA_reviewer_B!$C5=""),"",screen_TA_reviewer_B!$C5) | D5: =IF(OR($A5="",screen_TA_reviewer_A!$D5=""),"",screen_TA_reviewer_A!$D5) | E5: =IF(OR($A5="",screen_TA_reviewer_B!$D5=""),"",screen_TA_reviewer_B!$D5) | F5: =IF(AND(B5<>"",C5<>""),1,"") | G5: =IF(F5=1,IF(B5=C5,1,0),"") | H5: =IF(B5="","",IFERROR(VLOOKUP(B5,lst_TA_binary_map_table,2,FALSE),"INVALID")) | I5: =IF(C5="","",IFERROR(VLOOKUP(C5,lst_TA_binary_map_table,2,FALSE),"INVALID")) | J5: =IF(F5=1,IF(H5=I5,1,0),"") | K5: =IF(G5=0,1,"") | L5: =IF(K5=1,COUNTIF($K$2:K5,1),"") | N5: 4 | O5: =IFERROR(MATCH(N5,$L$2:$L$5001,0),"") | P5: =IF(O5="","",INDEX($A$2:$A$5001,O5)) | Q5: =IF(O5="","",INDEX($B$2:$B$5001,O5)) | R5: =IF(O5="","",INDEX($C$2:$C$5001,O5)) | S5: =IF(O5="","",INDEX($D$2:$D$5001,O5)) | T5: =IF(O5="","",INDEX($E$2:$E$5001,O5)) | V5: records available to screen (duplicates hidden) | W5: =SUMPRODUCT(--($A$2:$A$5001<>""))
A6: =IF(screen_TA_reviewer_A!$A6="","",screen_TA_reviewer_A!$A6) | B6: =IF(OR($A6="",screen_TA_reviewer_A!$C6=""),"",screen_TA_reviewer_A!$C6) | C6: =IF(OR($A6="",screen_TA_reviewer_B!$C6=""),"",screen_TA_reviewer_B!$C6) | D6: =IF(OR($A6="",screen_TA_reviewer_A!$D6=""),"",screen_TA_reviewer_A!$D6) | E6: =IF(OR($A6="",screen_TA_reviewer_B!$D6=""),"",screen_TA_reviewer_B!$D6) | F6: =IF(AND(B6<>"",C6<>""),1,"") | G6: =IF(F6=1,IF(B6=C6,1,0),"") | H6: =IF(B6="","",IFERROR(VLOOKUP(B6,lst_TA_binary_map_table,2,FALSE),"INVALID")) | I6: =IF(C6="","",IFERROR(VLOOKUP(C6,lst_TA_binary_map_table,2,FALSE),"INVALID")) | J6: =IF(F6=1,IF(H6=I6,1,0),"") | K6: =IF(G6=0,1,"") | L6: =IF(K6=1,COUNTIF($K$2:K6,1),"") | N6: 5 | O6: =IFERROR(MATCH(N6,$L$2:$L$5001,0),"") | P6: =IF(O6="","",INDEX($A$2:$A$5001,O6)) | Q6: =IF(O6="","",INDEX($B$2:$B$5001,O6)) | R6: =IF(O6="","",INDEX($C$2:$C$5001,O6)) | S6: =IF(O6="","",INDEX($D$2:$D$5001,O6)) | T6: =IF(O6="","",INDEX($E$2:$E$5001,O6)) | V6: decided by reviewer A | W6: =SUMPRODUCT(--($B$2:$B$5001<>""))
A7: =IF(screen_TA_reviewer_A!$A7="","",screen_TA_reviewer_A!$A7) | B7: =IF(OR($A7="",screen_TA_reviewer_A!$C7=""),"",screen_TA_reviewer_A!$C7) | C7: =IF(OR($A7="",screen_TA_reviewer_B!$C7=""),"",screen_TA_reviewer_B!$C7) | D7: =IF(OR($A7="",screen_TA_reviewer_A!$D7=""),"",screen_TA_reviewer_A!$D7) | E7: =IF(OR($A7="",screen_TA_reviewer_B!$D7=""),"",screen_TA_reviewer_B!$D7) | F7: =IF(AND(B7<>"",C7<>""),1,"") | G7: =IF(F7=1,IF(B7=C7,1,0),"") | H7: =IF(B7="","",IFERROR(VLOOKUP(B7,lst_TA_binary_map_table,2,FALSE),"INVALID")) | I7: =IF(C7="","",IFERROR(VLOOKUP(C7,lst_TA_binary_map_table,2,FALSE),"INVALID")) | J7: =IF(F7=1,IF(H7=I7,1,0),"") | K7: =IF(G7=0,1,"") | L7: =IF(K7=1,COUNTIF($K$2:K7,1),"") | N7: 6 | O7: =IFERROR(MATCH(N7,$L$2:$L$5001,0),"") | P7: =IF(O7="","",INDEX($A$2:$A$5001,O7)) | Q7: =IF(O7="","",INDEX($B$2:$B$5001,O7)) | R7: =IF(O7="","",INDEX($C$2:$C$5001,O7)) | S7: =IF(O7="","",INDEX($D$2:$D$5001,O7)) | T7: =IF(O7="","",INDEX($E$2:$E$5001,O7)) | V7: decided by reviewer B | W7: =SUMPRODUCT(--($C$2:$C$5001<>""))
A8: =IF(screen_TA_reviewer_A!$A8="","",screen_TA_reviewer_A!$A8) | B8: =IF(OR($A8="",screen_TA_reviewer_A!$C8=""),"",screen_TA_reviewer_A!$C8) | C8: =IF(OR($A8="",screen_TA_reviewer_B!$C8=""),"",screen_TA_reviewer_B!$C8) | D8: =IF(OR($A8="",screen_TA_reviewer_A!$D8=""),"",screen_TA_reviewer_A!$D8) | E8: =IF(OR($A8="",screen_TA_reviewer_B!$D8=""),"",screen_TA_reviewer_B!$D8) | F8: =IF(AND(B8<>"",C8<>""),1,"") | G8: =IF(F8=1,IF(B8=C8,1,0),"") | H8: =IF(B8="","",IFERROR(VLOOKUP(B8,lst_TA_binary_map_table,2,FALSE),"INVALID")) | I8: =IF(C8="","",IFERROR(VLOOKUP(C8,lst_TA_binary_map_table,2,FALSE),"INVALID")) | J8: =IF(F8=1,IF(H8=I8,1,0),"") | K8: =IF(G8=0,1,"") | L8: =IF(K8=1,COUNTIF($K$2:K8,1),"") | N8: 7 | O8: =IFERROR(MATCH(N8,$L$2:$L$5001,0),"") | P8: =IF(O8="","",INDEX($A$2:$A$5001,O8)) | Q8: =IF(O8="","",INDEX($B$2:$B$5001,O8)) | R8: =IF(O8="","",INDEX($C$2:$C$5001,O8)) | S8: =IF(O8="","",INDEX($D$2:$D$5001,O8)) | T8: =IF(O8="","",INDEX($E$2:$E$5001,O8)) | V8: jointly decided | W8: =SUM($F$2:$F$5001)
A9: =IF(screen_TA_reviewer_A!$A9="","",screen_TA_reviewer_A!$A9) | B9: =IF(OR($A9="",screen_TA_reviewer_A!$C9=""),"",screen_TA_reviewer_A!$C9) | C9: =IF(OR($A9="",screen_TA_reviewer_B!$C9=""),"",screen_TA_reviewer_B!$C9) | D9: =IF(OR($A9="",screen_TA_reviewer_A!$D9=""),"",screen_TA_reviewer_A!$D9) | E9: =IF(OR($A9="",screen_TA_reviewer_B!$D9=""),"",screen_TA_reviewer_B!$D9) | F9: =IF(AND(B9<>"",C9<>""),1,"") | G9: =IF(F9=1,IF(B9=C9,1,0),"") | H9: =IF(B9="","",IFERROR(VLOOKUP(B9,lst_TA_binary_map_table,2,FALSE),"INVALID")) | I9: =IF(C9="","",IFERROR(VLOOKUP(C9,lst_TA_binary_map_table,2,FALSE),"INVALID")) | J9: =IF(F9=1,IF(H9=I9,1,0),"") | K9: =IF(G9=0,1,"") | L9: =IF(K9=1,COUNTIF($K$2:K9,1),"") | N9: 8 | O9: =IFERROR(MATCH(N9,$L$2:$L$5001,0),"") | P9: =IF(O9="","",INDEX($A$2:$A$5001,O9)) | Q9: =IF(O9="","",INDEX($B$2:$B$5001,O9)) | R9: =IF(O9="","",INDEX($C$2:$C$5001,O9)) | S9: =IF(O9="","",INDEX($D$2:$D$5001,O9)) | T9: =IF(O9="","",INDEX($E$2:$E$5001,O9)) | V9: conflicts | W9: =SUM($K$2:$K$5001)
A10: =IF(screen_TA_reviewer_A!$A10="","",screen_TA_reviewer_A!$A10) | B10: =IF(OR($A10="",screen_TA_reviewer_A!$C10=""),"",screen_TA_reviewer_A!$C10) | C10: =IF(OR($A10="",screen_TA_reviewer_B!$C10=""),"",screen_TA_reviewer_B!$C10) | D10: =IF(OR($A10="",screen_TA_reviewer_A!$D10=""),"",screen_TA_reviewer_A!$D10) | E10: =IF(OR($A10="",screen_TA_reviewer_B!$D10=""),"",screen_TA_reviewer_B!$D10) | F10: =IF(AND(B10<>"",C10<>""),1,"") | G10: =IF(F10=1,IF(B10=C10,1,0),"") | H10: =IF(B10="","",IFERROR(VLOOKUP(B10,lst_TA_binary_map_table,2,FALSE),"INVALID")) | I10: =IF(C10="","",IFERROR(VLOOKUP(C10,lst_TA_binary_map_table,2,FALSE),"INVALID")) | J10: =IF(F10=1,IF(H10=I10,1,0),"") | K10: =IF(G10=0,1,"") | L10: =IF(K10=1,COUNTIF($K$2:K10,1),"") | N10: 9 | O10: =IFERROR(MATCH(N10,$L$2:$L$5001,0),"") | P10: =IF(O10="","",INDEX($A$2:$A$5001,O10)) | Q10: =IF(O10="","",INDEX($B$2:$B$5001,O10)) | R10: =IF(O10="","",INDEX($C$2:$C$5001,O10)) | S10: =IF(O10="","",INDEX($D$2:$D$5001,O10)) | T10: =IF(O10="","",INDEX($E$2:$E$5001,O10)) | V10: values outside the code list (INVALID) | W10: =COUNTIF($H$2:$H$5001,"INVALID")+COUNTIF($I$2:$I$5001,"INVALID")
A11: =IF(screen_TA_reviewer_A!$A11="","",screen_TA_reviewer_A!$A11) | B11: =IF(OR($A11="",screen_TA_reviewer_A!$C11=""),"",screen_TA_reviewer_A!$C11) | C11: =IF(OR($A11="",screen_TA_reviewer_B!$C11=""),"",screen_TA_reviewer_B!$C11) | D11: =IF(OR($A11="",screen_TA_reviewer_A!$D11=""),"",screen_TA_reviewer_A!$D11) | E11: =IF(OR($A11="",screen_TA_reviewer_B!$D11=""),"",screen_TA_reviewer_B!$D11) | F11: =IF(AND(B11<>"",C11<>""),1,"") | G11: =IF(F11=1,IF(B11=C11,1,0),"") | H11: =IF(B11="","",IFERROR(VLOOKUP(B11,lst_TA_binary_map_table,2,FALSE),"INVALID")) | I11: =IF(C11="","",IFERROR(VLOOKUP(C11,lst_TA_binary_map_table,2,FALSE),"INVALID")) | J11: =IF(F11=1,IF(H11=I11,1,0),"") | K11: =IF(G11=0,1,"") | L11: =IF(K11=1,COUNTIF($K$2:K11,1),"") | N11: 10 | O11: =IFERROR(MATCH(N11,$L$2:$L$5001,0),"") | P11: =IF(O11="","",INDEX($A$2:$A$5001,O11)) | Q11: =IF(O11="","",INDEX($B$2:$B$5001,O11)) | R11: =IF(O11="","",INDEX($C$2:$C$5001,O11)) | S11: =IF(O11="","",INDEX($D$2:$D$5001,O11)) | T11: =IF(O11="","",INDEX($E$2:$E$5001,O11)) | V11: capacity warning | W11: =IF(COUNTA(records_master!$A:$A)-1>5000,"MORE RECORDS THAN FORMULA ROWS (5000): regenerate with --rows",IF(W9>1000,"CONFLICTS EXCEED LIST (1000): filter column conflict",""))
A12: =IF(screen_TA_reviewer_A!$A12="","",screen_TA_reviewer_A!$A12) | B12: =IF(OR($A12="",screen_TA_reviewer_A!$C12=""),"",screen_TA_reviewer_A!$C12) | C12: =IF(OR($A12="",screen_TA_reviewer_B!$C12=""),"",screen_TA_reviewer_B!$C12) | D12: =IF(OR($A12="",screen_TA_reviewer_A!$D12=""),"",screen_TA_reviewer_A!$D12) | E12: =IF(OR($A12="",screen_TA_reviewer_B!$D12=""),"",screen_TA_reviewer_B!$D12) | F12: =IF(AND(B12<>"",C12<>""),1,"") | G12: =IF(F12=1,IF(B12=C12,1,0),"") | H12: =IF(B12="","",IFERROR(VLOOKUP(B12,lst_TA_binary_map_table,2,FALSE),"INVALID")) | I12: =IF(C12="","",IFERROR(VLOOKUP(C12,lst_TA_binary_map_table,2,FALSE),"INVALID")) | J12: =IF(F12=1,IF(H12=I12,1,0),"") | K12: =IF(G12=0,1,"") | L12: =IF(K12=1,COUNTIF($K$2:K12,1),"") | N12: 11 | O12: =IFERROR(MATCH(N12,$L$2:$L$5001,0),"") | P12: =IF(O12="","",INDEX($A$2:$A$5001,O12)) | Q12: =IF(O12="","",INDEX($B$2:$B$5001,O12)) | R12: =IF(O12="","",INDEX($C$2:$C$5001,O12)) | S12: =IF(O12="","",INDEX($D$2:$D$5001,O12)) | T12: =IF(O12="","",INDEX($E$2:$E$5001,O12))
A13: =IF(screen_TA_reviewer_A!$A13="","",screen_TA_reviewer_A!$A13) | B13: =IF(OR($A13="",screen_TA_reviewer_A!$C13=""),"",screen_TA_reviewer_A!$C13) | C13: =IF(OR($A13="",screen_TA_reviewer_B!$C13=""),"",screen_TA_reviewer_B!$C13) | D13: =IF(OR($A13="",screen_TA_reviewer_A!$D13=""),"",screen_TA_reviewer_A!$D13) | E13: =IF(OR($A13="",screen_TA_reviewer_B!$D13=""),"",screen_TA_reviewer_B!$D13) | F13: =IF(AND(B13<>"",C13<>""),1,"") | G13: =IF(F13=1,IF(B13=C13,1,0),"") | H13: =IF(B13="","",IFERROR(VLOOKUP(B13,lst_TA_binary_map_table,2,FALSE),"INVALID")) | I13: =IF(C13="","",IFERROR(VLOOKUP(C13,lst_TA_binary_map_table,2,FALSE),"INVALID")) | J13: =IF(F13=1,IF(H13=I13,1,0),"") | K13: =IF(G13=0,1,"") | L13: =IF(K13=1,COUNTIF($K$2:K13,1),"") | N13: 12 | O13: =IFERROR(MATCH(N13,$L$2:$L$5001,0),"") | P13: =IF(O13="","",INDEX($A$2:$A$5001,O13)) | Q13: =IF(O13="","",INDEX($B$2:$B$5001,O13)) | R13: =IF(O13="","",INDEX($C$2:$C$5001,O13)) | S13: =IF(O13="","",INDEX($D$2:$D$5001,O13)) | T13: =IF(O13="","",INDEX($E$2:$E$5001,O13)) | V13: Counts per reviewer (all decided records) | W13: reviewer A | X13: reviewer B
A14: =IF(screen_TA_reviewer_A!$A14="","",screen_TA_reviewer_A!$A14) | B14: =IF(OR($A14="",screen_TA_reviewer_A!$C14=""),"",screen_TA_reviewer_A!$C14) | C14: =IF(OR($A14="",screen_TA_reviewer_B!$C14=""),"",screen_TA_reviewer_B!$C14) | D14: =IF(OR($A14="",screen_TA_reviewer_A!$D14=""),"",screen_TA_reviewer_A!$D14) | E14: =IF(OR($A14="",screen_TA_reviewer_B!$D14=""),"",screen_TA_reviewer_B!$D14) | F14: =IF(AND(B14<>"",C14<>""),1,"") | G14: =IF(F14=1,IF(B14=C14,1,0),"") | H14: =IF(B14="","",IFERROR(VLOOKUP(B14,lst_TA_binary_map_table,2,FALSE),"INVALID")) | I14: =IF(C14="","",IFERROR(VLOOKUP(C14,lst_TA_binary_map_table,2,FALSE),"INVALID")) | J14: =IF(F14=1,IF(H14=I14,1,0),"") | K14: =IF(G14=0,1,"") | L14: =IF(K14=1,COUNTIF($K$2:K14,1),"") | N14: 13 | O14: =IFERROR(MATCH(N14,$L$2:$L$5001,0),"") | P14: =IF(O14="","",INDEX($A$2:$A$5001,O14)) | Q14: =IF(O14="","",INDEX($B$2:$B$5001,O14)) | R14: =IF(O14="","",INDEX($C$2:$C$5001,O14)) | S14: =IF(O14="","",INDEX($D$2:$D$5001,O14)) | T14: =IF(O14="","",INDEX($E$2:$E$5001,O14)) | V14: ADVANCE | W14: =COUNTIF($B$2:$B$5001,V14) | X14: =COUNTIF($C$2:$C$5001,V14)
A15: =IF(screen_TA_reviewer_A!$A15="","",screen_TA_reviewer_A!$A15) | B15: =IF(OR($A15="",screen_TA_reviewer_A!$C15=""),"",screen_TA_reviewer_A!$C15) | C15: =IF(OR($A15="",screen_TA_reviewer_B!$C15=""),"",screen_TA_reviewer_B!$C15) | D15: =IF(OR($A15="",screen_TA_reviewer_A!$D15=""),"",screen_TA_reviewer_A!$D15) | E15: =IF(OR($A15="",screen_TA_reviewer_B!$D15=""),"",screen_TA_reviewer_B!$D15) | F15: =IF(AND(B15<>"",C15<>""),1,"") | G15: =IF(F15=1,IF(B15=C15,1,0),"") | H15: =IF(B15="","",IFERROR(VLOOKUP(B15,lst_TA_binary_map_table,2,FALSE),"INVALID")) | I15: =IF(C15="","",IFERROR(VLOOKUP(C15,lst_TA_binary_map_table,2,FALSE),"INVALID")) | J15: =IF(F15=1,IF(H15=I15,1,0),"") | K15: =IF(G15=0,1,"") | L15: =IF(K15=1,COUNTIF($K$2:K15,1),"") | N15: 14 | O15: =IFERROR(MATCH(N15,$L$2:$L$5001,0),"") | P15: =IF(O15="","",INDEX($A$2:$A$5001,O15)) | Q15: =IF(O15="","",INDEX($B$2:$B$5001,O15)) | R15: =IF(O15="","",INDEX($C$2:$C$5001,O15)) | S15: =IF(O15="","",INDEX($D$2:$D$5001,O15)) | T15: =IF(O15="","",INDEX($E$2:$E$5001,O15)) | V15: EXCLUDE_TA | W15: =COUNTIF($B$2:$B$5001,V15) | X15: =COUNTIF($C$2:$C$5001,V15)
A16: =IF(screen_TA_reviewer_A!$A16="","",screen_TA_reviewer_A!$A16) | B16: =IF(OR($A16="",screen_TA_reviewer_A!$C16=""),"",screen_TA_reviewer_A!$C16) | C16: =IF(OR($A16="",screen_TA_reviewer_B!$C16=""),"",screen_TA_reviewer_B!$C16) | D16: =IF(OR($A16="",screen_TA_reviewer_A!$D16=""),"",screen_TA_reviewer_A!$D16) | E16: =IF(OR($A16="",screen_TA_reviewer_B!$D16=""),"",screen_TA_reviewer_B!$D16) | F16: =IF(AND(B16<>"",C16<>""),1,"") | G16: =IF(F16=1,IF(B16=C16,1,0),"") | H16: =IF(B16="","",IFERROR(VLOOKUP(B16,lst_TA_binary_map_table,2,FALSE),"INVALID")) | I16: =IF(C16="","",IFERROR(VLOOKUP(C16,lst_TA_binary_map_table,2,FALSE),"INVALID")) | J16: =IF(F16=1,IF(H16=I16,1,0),"") | K16: =IF(G16=0,1,"") | L16: =IF(K16=1,COUNTIF($K$2:K16,1),"") | N16: 15 | O16: =IFERROR(MATCH(N16,$L$2:$L$5001,0),"") | P16: =IF(O16="","",INDEX($A$2:$A$5001,O16)) | Q16: =IF(O16="","",INDEX($B$2:$B$5001,O16)) | R16: =IF(O16="","",INDEX($C$2:$C$5001,O16)) | S16: =IF(O16="","",INDEX($D$2:$D$5001,O16)) | T16: =IF(O16="","",INDEX($E$2:$E$5001,O16)) | V16: FRONTIER_PREPRINT | W16: =COUNTIF($B$2:$B$5001,V16) | X16: =COUNTIF($C$2:$C$5001,V16)
A17: =IF(screen_TA_reviewer_A!$A17="","",screen_TA_reviewer_A!$A17) | B17: =IF(OR($A17="",screen_TA_reviewer_A!$C17=""),"",screen_TA_reviewer_A!$C17) | C17: =IF(OR($A17="",screen_TA_reviewer_B!$C17=""),"",screen_TA_reviewer_B!$C17) | D17: =IF(OR($A17="",screen_TA_reviewer_A!$D17=""),"",screen_TA_reviewer_A!$D17) | E17: =IF(OR($A17="",screen_TA_reviewer_B!$D17=""),"",screen_TA_reviewer_B!$D17) | F17: =IF(AND(B17<>"",C17<>""),1,"") | G17: =IF(F17=1,IF(B17=C17,1,0),"") | H17: =IF(B17="","",IFERROR(VLOOKUP(B17,lst_TA_binary_map_table,2,FALSE),"INVALID")) | I17: =IF(C17="","",IFERROR(VLOOKUP(C17,lst_TA_binary_map_table,2,FALSE),"INVALID")) | J17: =IF(F17=1,IF(H17=I17,1,0),"") | K17: =IF(G17=0,1,"") | L17: =IF(K17=1,COUNTIF($K$2:K17,1),"") | N17: 16 | O17: =IFERROR(MATCH(N17,$L$2:$L$5001,0),"") | P17: =IF(O17="","",INDEX($A$2:$A$5001,O17)) | Q17: =IF(O17="","",INDEX($B$2:$B$5001,O17)) | R17: =IF(O17="","",INDEX($C$2:$C$5001,O17)) | S17: =IF(O17="","",INDEX($D$2:$D$5001,O17)) | T17: =IF(O17="","",INDEX($E$2:$E$5001,O17)) | V17: AWAITING_CLASSIFICATION | W17: =COUNTIF($B$2:$B$5001,V17) | X17: =COUNTIF($C$2:$C$5001,V17)
A18: =IF(screen_TA_reviewer_A!$A18="","",screen_TA_reviewer_A!$A18) | B18: =IF(OR($A18="",screen_TA_reviewer_A!$C18=""),"",screen_TA_reviewer_A!$C18) | C18: =IF(OR($A18="",screen_TA_reviewer_B!$C18=""),"",screen_TA_reviewer_B!$C18) | D18: =IF(OR($A18="",screen_TA_reviewer_A!$D18=""),"",screen_TA_reviewer_A!$D18) | E18: =IF(OR($A18="",screen_TA_reviewer_B!$D18=""),"",screen_TA_reviewer_B!$D18) | F18: =IF(AND(B18<>"",C18<>""),1,"") | G18: =IF(F18=1,IF(B18=C18,1,0),"") | H18: =IF(B18="","",IFERROR(VLOOKUP(B18,lst_TA_binary_map_table,2,FALSE),"INVALID")) | I18: =IF(C18="","",IFERROR(VLOOKUP(C18,lst_TA_binary_map_table,2,FALSE),"INVALID")) | J18: =IF(F18=1,IF(H18=I18,1,0),"") | K18: =IF(G18=0,1,"") | L18: =IF(K18=1,COUNTIF($K$2:K18,1),"") | N18: 17 | O18: =IFERROR(MATCH(N18,$L$2:$L$5001,0),"") | P18: =IF(O18="","",INDEX($A$2:$A$5001,O18)) | Q18: =IF(O18="","",INDEX($B$2:$B$5001,O18)) | R18: =IF(O18="","",INDEX($C$2:$C$5001,O18)) | S18: =IF(O18="","",INDEX($D$2:$D$5001,O18)) | T18: =IF(O18="","",INDEX($E$2:$E$5001,O18))
A19: =IF(screen_TA_reviewer_A!$A19="","",screen_TA_reviewer_A!$A19) | B19: =IF(OR($A19="",screen_TA_reviewer_A!$C19=""),"",screen_TA_reviewer_A!$C19) | C19: =IF(OR($A19="",screen_TA_reviewer_B!$C19=""),"",screen_TA_reviewer_B!$C19) | D19: =IF(OR($A19="",screen_TA_reviewer_A!$D19=""),"",screen_TA_reviewer_A!$D19) | E19: =IF(OR($A19="",screen_TA_reviewer_B!$D19=""),"",screen_TA_reviewer_B!$D19) | F19: =IF(AND(B19<>"",C19<>""),1,"") | G19: =IF(F19=1,IF(B19=C19,1,0),"") | H19: =IF(B19="","",IFERROR(VLOOKUP(B19,lst_TA_binary_map_table,2,FALSE),"INVALID")) | I19: =IF(C19="","",IFERROR(VLOOKUP(C19,lst_TA_binary_map_table,2,FALSE),"INVALID")) | J19: =IF(F19=1,IF(H19=I19,1,0),"") | K19: =IF(G19=0,1,"") | L19: =IF(K19=1,COUNTIF($K$2:K19,1),"") | N19: 18 | O19: =IFERROR(MATCH(N19,$L$2:$L$5001,0),"") | P19: =IF(O19="","",INDEX($A$2:$A$5001,O19)) | Q19: =IF(O19="","",INDEX($B$2:$B$5001,O19)) | R19: =IF(O19="","",INDEX($C$2:$C$5001,O19)) | S19: =IF(O19="","",INDEX($D$2:$D$5001,O19)) | T19: =IF(O19="","",INDEX($E$2:$E$5001,O19)) | V19: Agreement on exact TA disposition (4×4)
A20: =IF(screen_TA_reviewer_A!$A20="","",screen_TA_reviewer_A!$A20) | B20: =IF(OR($A20="",screen_TA_reviewer_A!$C20=""),"",screen_TA_reviewer_A!$C20) | C20: =IF(OR($A20="",screen_TA_reviewer_B!$C20=""),"",screen_TA_reviewer_B!$C20) | D20: =IF(OR($A20="",screen_TA_reviewer_A!$D20=""),"",screen_TA_reviewer_A!$D20) | E20: =IF(OR($A20="",screen_TA_reviewer_B!$D20=""),"",screen_TA_reviewer_B!$D20) | F20: =IF(AND(B20<>"",C20<>""),1,"") | G20: =IF(F20=1,IF(B20=C20,1,0),"") | H20: =IF(B20="","",IFERROR(VLOOKUP(B20,lst_TA_binary_map_table,2,FALSE),"INVALID")) | I20: =IF(C20="","",IFERROR(VLOOKUP(C20,lst_TA_binary_map_table,2,FALSE),"INVALID")) | J20: =IF(F20=1,IF(H20=I20,1,0),"") | K20: =IF(G20=0,1,"") | L20: =IF(K20=1,COUNTIF($K$2:K20,1),"") | N20: 19 | O20: =IFERROR(MATCH(N20,$L$2:$L$5001,0),"") | P20: =IF(O20="","",INDEX($A$2:$A$5001,O20)) | Q20: =IF(O20="","",INDEX($B$2:$B$5001,O20)) | R20: =IF(O20="","",INDEX($C$2:$C$5001,O20)) | S20: =IF(O20="","",INDEX($D$2:$D$5001,O20)) | T20: =IF(O20="","",INDEX($E$2:$E$5001,O20)) | V20: A (rows) \ B (cols) | W20: ADVANCE | X20: EXCLUDE_TA | Y20: FRONTIER_PREPRINT | Z20: AWAITING_CLASSIFICATION | AA20: row total (A)
A21: =IF(screen_TA_reviewer_A!$A21="","",screen_TA_reviewer_A!$A21) | B21: =IF(OR($A21="",screen_TA_reviewer_A!$C21=""),"",screen_TA_reviewer_A!$C21) | C21: =IF(OR($A21="",screen_TA_reviewer_B!$C21=""),"",screen_TA_reviewer_B!$C21) | D21: =IF(OR($A21="",screen_TA_reviewer_A!$D21=""),"",screen_TA_reviewer_A!$D21) | E21: =IF(OR($A21="",screen_TA_reviewer_B!$D21=""),"",screen_TA_reviewer_B!$D21) | F21: =IF(AND(B21<>"",C21<>""),1,"") | G21: =IF(F21=1,IF(B21=C21,1,0),"") | H21: =IF(B21="","",IFERROR(VLOOKUP(B21,lst_TA_binary_map_table,2,FALSE),"INVALID")) | I21: =IF(C21="","",IFERROR(VLOOKUP(C21,lst_TA_binary_map_table,2,FALSE),"INVALID")) | J21: =IF(F21=1,IF(H21=I21,1,0),"") | K21: =IF(G21=0,1,"") | L21: =IF(K21=1,COUNTIF($K$2:K21,1),"") | N21: 20 | O21: =IFERROR(MATCH(N21,$L$2:$L$5001,0),"") | P21: =IF(O21="","",INDEX($A$2:$A$5001,O21)) | Q21: =IF(O21="","",INDEX($B$2:$B$5001,O21)) | R21: =IF(O21="","",INDEX($C$2:$C$5001,O21)) | S21: =IF(O21="","",INDEX($D$2:$D$5001,O21)) | T21: =IF(O21="","",INDEX($E$2:$E$5001,O21)) | V21: ADVANCE | W21: =COUNTIFS($B$2:$B$5001,$V21,$C$2:$C$5001,W$20) | X21: =COUNTIFS($B$2:$B$5001,$V21,$C$2:$C$5001,X$20) | Y21: =COUNTIFS($B$2:$B$5001,$V21,$C$2:$C$5001,Y$20) | Z21: =COUNTIFS($B$2:$B$5001,$V21,$C$2:$C$5001,Z$20) | AA21: =SUM(W21:Z21)
A22: =IF(screen_TA_reviewer_A!$A22="","",screen_TA_reviewer_A!$A22) | B22: =IF(OR($A22="",screen_TA_reviewer_A!$C22=""),"",screen_TA_reviewer_A!$C22) | C22: =IF(OR($A22="",screen_TA_reviewer_B!$C22=""),"",screen_TA_reviewer_B!$C22) | D22: =IF(OR($A22="",screen_TA_reviewer_A!$D22=""),"",screen_TA_reviewer_A!$D22) | E22: =IF(OR($A22="",screen_TA_reviewer_B!$D22=""),"",screen_TA_reviewer_B!$D22) | F22: =IF(AND(B22<>"",C22<>""),1,"") | G22: =IF(F22=1,IF(B22=C22,1,0),"") | H22: =IF(B22="","",IFERROR(VLOOKUP(B22,lst_TA_binary_map_table,2,FALSE),"INVALID")) | I22: =IF(C22="","",IFERROR(VLOOKUP(C22,lst_TA_binary_map_table,2,FALSE),"INVALID")) | J22: =IF(F22=1,IF(H22=I22,1,0),"") | K22: =IF(G22=0,1,"") | L22: =IF(K22=1,COUNTIF($K$2:K22,1),"") | N22: 21 | O22: =IFERROR(MATCH(N22,$L$2:$L$5001,0),"") | P22: =IF(O22="","",INDEX($A$2:$A$5001,O22)) | Q22: =IF(O22="","",INDEX($B$2:$B$5001,O22)) | R22: =IF(O22="","",INDEX($C$2:$C$5001,O22)) | S22: =IF(O22="","",INDEX($D$2:$D$5001,O22)) | T22: =IF(O22="","",INDEX($E$2:$E$5001,O22)) | V22: EXCLUDE_TA | W22: =COUNTIFS($B$2:$B$5001,$V22,$C$2:$C$5001,W$20) | X22: =COUNTIFS($B$2:$B$5001,$V22,$C$2:$C$5001,X$20) | Y22: =COUNTIFS($B$2:$B$5001,$V22,$C$2:$C$5001,Y$20) | Z22: =COUNTIFS($B$2:$B$5001,$V22,$C$2:$C$5001,Z$20) | AA22: =SUM(W22:Z22)
A23: =IF(screen_TA_reviewer_A!$A23="","",screen_TA_reviewer_A!$A23) | B23: =IF(OR($A23="",screen_TA_reviewer_A!$C23=""),"",screen_TA_reviewer_A!$C23) | C23: =IF(OR($A23="",screen_TA_reviewer_B!$C23=""),"",screen_TA_reviewer_B!$C23) | D23: =IF(OR($A23="",screen_TA_reviewer_A!$D23=""),"",screen_TA_reviewer_A!$D23) | E23: =IF(OR($A23="",screen_TA_reviewer_B!$D23=""),"",screen_TA_reviewer_B!$D23) | F23: =IF(AND(B23<>"",C23<>""),1,"") | G23: =IF(F23=1,IF(B23=C23,1,0),"") | H23: =IF(B23="","",IFERROR(VLOOKUP(B23,lst_TA_binary_map_table,2,FALSE),"INVALID")) | I23: =IF(C23="","",IFERROR(VLOOKUP(C23,lst_TA_binary_map_table,2,FALSE),"INVALID")) | J23: =IF(F23=1,IF(H23=I23,1,0),"") | K23: =IF(G23=0,1,"") | L23: =IF(K23=1,COUNTIF($K$2:K23,1),"") | N23: 22 | O23: =IFERROR(MATCH(N23,$L$2:$L$5001,0),"") | P23: =IF(O23="","",INDEX($A$2:$A$5001,O23)) | Q23: =IF(O23="","",INDEX($B$2:$B$5001,O23)) | R23: =IF(O23="","",INDEX($C$2:$C$5001,O23)) | S23: =IF(O23="","",INDEX($D$2:$D$5001,O23)) | T23: =IF(O23="","",INDEX($E$2:$E$5001,O23)) | V23: FRONTIER_PREPRINT | W23: =COUNTIFS($B$2:$B$5001,$V23,$C$2:$C$5001,W$20) | X23: =COUNTIFS($B$2:$B$5001,$V23,$C$2:$C$5001,X$20) | Y23: =COUNTIFS($B$2:$B$5001,$V23,$C$2:$C$5001,Y$20) | Z23: =COUNTIFS($B$2:$B$5001,$V23,$C$2:$C$5001,Z$20) | AA23: =SUM(W23:Z23)
A24: =IF(screen_TA_reviewer_A!$A24="","",screen_TA_reviewer_A!$A24) | B24: =IF(OR($A24="",screen_TA_reviewer_A!$C24=""),"",screen_TA_reviewer_A!$C24) | C24: =IF(OR($A24="",screen_TA_reviewer_B!$C24=""),"",screen_TA_reviewer_B!$C24) | D24: =IF(OR($A24="",screen_TA_reviewer_A!$D24=""),"",screen_TA_reviewer_A!$D24) | E24: =IF(OR($A24="",screen_TA_reviewer_B!$D24=""),"",screen_TA_reviewer_B!$D24) | F24: =IF(AND(B24<>"",C24<>""),1,"") | G24: =IF(F24=1,IF(B24=C24,1,0),"") | H24: =IF(B24="","",IFERROR(VLOOKUP(B24,lst_TA_binary_map_table,2,FALSE),"INVALID")) | I24: =IF(C24="","",IFERROR(VLOOKUP(C24,lst_TA_binary_map_table,2,FALSE),"INVALID")) | J24: =IF(F24=1,IF(H24=I24,1,0),"") | K24: =IF(G24=0,1,"") | L24: =IF(K24=1,COUNTIF($K$2:K24,1),"") | N24: 23 | O24: =IFERROR(MATCH(N24,$L$2:$L$5001,0),"") | P24: =IF(O24="","",INDEX($A$2:$A$5001,O24)) | Q24: =IF(O24="","",INDEX($B$2:$B$5001,O24)) | R24: =IF(O24="","",INDEX($C$2:$C$5001,O24)) | S24: =IF(O24="","",INDEX($D$2:$D$5001,O24)) | T24: =IF(O24="","",INDEX($E$2:$E$5001,O24)) | V24: AWAITING_CLASSIFICATION | W24: =COUNTIFS($B$2:$B$5001,$V24,$C$2:$C$5001,W$20) | X24: =COUNTIFS($B$2:$B$5001,$V24,$C$2:$C$5001,X$20) | Y24: =COUNTIFS($B$2:$B$5001,$V24,$C$2:$C$5001,Y$20) | Z24: =COUNTIFS($B$2:$B$5001,$V24,$C$2:$C$5001,Z$20) | AA24: =SUM(W24:Z24)
A25: =IF(screen_TA_reviewer_A!$A25="","",screen_TA_reviewer_A!$A25) | B25: =IF(OR($A25="",screen_TA_reviewer_A!$C25=""),"",screen_TA_reviewer_A!$C25) | C25: =IF(OR($A25="",screen_TA_reviewer_B!$C25=""),"",screen_TA_reviewer_B!$C25) | D25: =IF(OR($A25="",screen_TA_reviewer_A!$D25=""),"",screen_TA_reviewer_A!$D25) | E25: =IF(OR($A25="",screen_TA_reviewer_B!$D25=""),"",screen_TA_reviewer_B!$D25) | F25: =IF(AND(B25<>"",C25<>""),1,"") | G25: =IF(F25=1,IF(B25=C25,1,0),"") | H25: =IF(B25="","",IFERROR(VLOOKUP(B25,lst_TA_binary_map_table,2,FALSE),"INVALID")) | I25: =IF(C25="","",IFERROR(VLOOKUP(C25,lst_TA_binary_map_table,2,FALSE),"INVALID")) | J25: =IF(F25=1,IF(H25=I25,1,0),"") | K25: =IF(G25=0,1,"") | L25: =IF(K25=1,COUNTIF($K$2:K25,1),"") | N25: 24 | O25: =IFERROR(MATCH(N25,$L$2:$L$5001,0),"") | P25: =IF(O25="","",INDEX($A$2:$A$5001,O25)) | Q25: =IF(O25="","",INDEX($B$2:$B$5001,O25)) | R25: =IF(O25="","",INDEX($C$2:$C$5001,O25)) | S25: =IF(O25="","",INDEX($D$2:$D$5001,O25)) | T25: =IF(O25="","",INDEX($E$2:$E$5001,O25)) | V25: column total (B) | W25: =SUM(W21:W24) | X25: =SUM(X21:X24) | Y25: =SUM(Y21:Y24) | Z25: =SUM(Z21:Z24) | AA25: =SUM(AA21:AA24)
A26: =IF(screen_TA_reviewer_A!$A26="","",screen_TA_reviewer_A!$A26) | B26: =IF(OR($A26="",screen_TA_reviewer_A!$C26=""),"",screen_TA_reviewer_A!$C26) | C26: =IF(OR($A26="",screen_TA_reviewer_B!$C26=""),"",screen_TA_reviewer_B!$C26) | D26: =IF(OR($A26="",screen_TA_reviewer_A!$D26=""),"",screen_TA_reviewer_A!$D26) | E26: =IF(OR($A26="",screen_TA_reviewer_B!$D26=""),"",screen_TA_reviewer_B!$D26) | F26: =IF(AND(B26<>"",C26<>""),1,"") | G26: =IF(F26=1,IF(B26=C26,1,0),"") | H26: =IF(B26="","",IFERROR(VLOOKUP(B26,lst_TA_binary_map_table,2,FALSE),"INVALID")) | I26: =IF(C26="","",IFERROR(VLOOKUP(C26,lst_TA_binary_map_table,2,FALSE),"INVALID")) | J26: =IF(F26=1,IF(H26=I26,1,0),"") | K26: =IF(G26=0,1,"") | L26: =IF(K26=1,COUNTIF($K$2:K26,1),"") | N26: 25 | O26: =IFERROR(MATCH(N26,$L$2:$L$5001,0),"") | P26: =IF(O26="","",INDEX($A$2:$A$5001,O26)) | Q26: =IF(O26="","",INDEX($B$2:$B$5001,O26)) | R26: =IF(O26="","",INDEX($C$2:$C$5001,O26)) | S26: =IF(O26="","",INDEX($D$2:$D$5001,O26)) | T26: =IF(O26="","",INDEX($E$2:$E$5001,O26)) | V26: n (jointly coded with listed codes) | W26: =AA25
A27: =IF(screen_TA_reviewer_A!$A27="","",screen_TA_reviewer_A!$A27) | B27: =IF(OR($A27="",screen_TA_reviewer_A!$C27=""),"",screen_TA_reviewer_A!$C27) | C27: =IF(OR($A27="",screen_TA_reviewer_B!$C27=""),"",screen_TA_reviewer_B!$C27) | D27: =IF(OR($A27="",screen_TA_reviewer_A!$D27=""),"",screen_TA_reviewer_A!$D27) | E27: =IF(OR($A27="",screen_TA_reviewer_B!$D27=""),"",screen_TA_reviewer_B!$D27) | F27: =IF(AND(B27<>"",C27<>""),1,"") | G27: =IF(F27=1,IF(B27=C27,1,0),"") | H27: =IF(B27="","",IFERROR(VLOOKUP(B27,lst_TA_binary_map_table,2,FALSE),"INVALID")) | I27: =IF(C27="","",IFERROR(VLOOKUP(C27,lst_TA_binary_map_table,2,FALSE),"INVALID")) | J27: =IF(F27=1,IF(H27=I27,1,0),"") | K27: =IF(G27=0,1,"") | L27: =IF(K27=1,COUNTIF($K$2:K27,1),"") | N27: 26 | O27: =IFERROR(MATCH(N27,$L$2:$L$5001,0),"") | P27: =IF(O27="","",INDEX($A$2:$A$5001,O27)) | Q27: =IF(O27="","",INDEX($B$2:$B$5001,O27)) | R27: =IF(O27="","",INDEX($C$2:$C$5001,O27)) | S27: =IF(O27="","",INDEX($D$2:$D$5001,O27)) | T27: =IF(O27="","",INDEX($E$2:$E$5001,O27)) | V27: observed agreements (diagonal) | W27: =SUM(W21,X22,Y23,Z24)
A28: =IF(screen_TA_reviewer_A!$A28="","",screen_TA_reviewer_A!$A28) | B28: =IF(OR($A28="",screen_TA_reviewer_A!$C28=""),"",screen_TA_reviewer_A!$C28) | C28: =IF(OR($A28="",screen_TA_reviewer_B!$C28=""),"",screen_TA_reviewer_B!$C28) | D28: =IF(OR($A28="",screen_TA_reviewer_A!$D28=""),"",screen_TA_reviewer_A!$D28) | E28: =IF(OR($A28="",screen_TA_reviewer_B!$D28=""),"",screen_TA_reviewer_B!$D28) | F28: =IF(AND(B28<>"",C28<>""),1,"") | G28: =IF(F28=1,IF(B28=C28,1,0),"") | H28: =IF(B28="","",IFERROR(VLOOKUP(B28,lst_TA_binary_map_table,2,FALSE),"INVALID")) | I28: =IF(C28="","",IFERROR(VLOOKUP(C28,lst_TA_binary_map_table,2,FALSE),"INVALID")) | J28: =IF(F28=1,IF(H28=I28,1,0),"") | K28: =IF(G28=0,1,"") | L28: =IF(K28=1,COUNTIF($K$2:K28,1),"") | N28: 27 | O28: =IFERROR(MATCH(N28,$L$2:$L$5001,0),"") | P28: =IF(O28="","",INDEX($A$2:$A$5001,O28)) | Q28: =IF(O28="","",INDEX($B$2:$B$5001,O28)) | R28: =IF(O28="","",INDEX($C$2:$C$5001,O28)) | S28: =IF(O28="","",INDEX($D$2:$D$5001,O28)) | T28: =IF(O28="","",INDEX($E$2:$E$5001,O28)) | V28: raw agreement p_o | W28: =IF(W26=0,"",W27/W26)
A29: =IF(screen_TA_reviewer_A!$A29="","",screen_TA_reviewer_A!$A29) | B29: =IF(OR($A29="",screen_TA_reviewer_A!$C29=""),"",screen_TA_reviewer_A!$C29) | C29: =IF(OR($A29="",screen_TA_reviewer_B!$C29=""),"",screen_TA_reviewer_B!$C29) | D29: =IF(OR($A29="",screen_TA_reviewer_A!$D29=""),"",screen_TA_reviewer_A!$D29) | E29: =IF(OR($A29="",screen_TA_reviewer_B!$D29=""),"",screen_TA_reviewer_B!$D29) | F29: =IF(AND(B29<>"",C29<>""),1,"") | G29: =IF(F29=1,IF(B29=C29,1,0),"") | H29: =IF(B29="","",IFERROR(VLOOKUP(B29,lst_TA_binary_map_table,2,FALSE),"INVALID")) | I29: =IF(C29="","",IFERROR(VLOOKUP(C29,lst_TA_binary_map_table,2,FALSE),"INVALID")) | J29: =IF(F29=1,IF(H29=I29,1,0),"") | K29: =IF(G29=0,1,"") | L29: =IF(K29=1,COUNTIF($K$2:K29,1),"") | N29: 28 | O29: =IFERROR(MATCH(N29,$L$2:$L$5001,0),"") | P29: =IF(O29="","",INDEX($A$2:$A$5001,O29)) | Q29: =IF(O29="","",INDEX($B$2:$B$5001,O29)) | R29: =IF(O29="","",INDEX($C$2:$C$5001,O29)) | S29: =IF(O29="","",INDEX($D$2:$D$5001,O29)) | T29: =IF(O29="","",INDEX($E$2:$E$5001,O29)) | V29: chance agreement p_e | W29: =IF(W26=0,"",(AA21*W25+AA22*X25+AA23*Y25+AA24*Z25)/W26^2)
A30: =IF(screen_TA_reviewer_A!$A30="","",screen_TA_reviewer_A!$A30) | B30: =IF(OR($A30="",screen_TA_reviewer_A!$C30=""),"",screen_TA_reviewer_A!$C30) | C30: =IF(OR($A30="",screen_TA_reviewer_B!$C30=""),"",screen_TA_reviewer_B!$C30) | D30: =IF(OR($A30="",screen_TA_reviewer_A!$D30=""),"",screen_TA_reviewer_A!$D30) | E30: =IF(OR($A30="",screen_TA_reviewer_B!$D30=""),"",screen_TA_reviewer_B!$D30) | F30: =IF(AND(B30<>"",C30<>""),1,"") | G30: =IF(F30=1,IF(B30=C30,1,0),"") | H30: =IF(B30="","",IFERROR(VLOOKUP(B30,lst_TA_binary_map_table,2,FALSE),"INVALID")) | I30: =IF(C30="","",IFERROR(VLOOKUP(C30,lst_TA_binary_map_table,2,FALSE),"INVALID")) | J30: =IF(F30=1,IF(H30=I30,1,0),"") | K30: =IF(G30=0,1,"") | L30: =IF(K30=1,COUNTIF($K$2:K30,1),"") | N30: 29 | O30: =IFERROR(MATCH(N30,$L$2:$L$5001,0),"") | P30: =IF(O30="","",INDEX($A$2:$A$5001,O30)) | Q30: =IF(O30="","",INDEX($B$2:$B$5001,O30)) | R30: =IF(O30="","",INDEX($C$2:$C$5001,O30)) | S30: =IF(O30="","",INDEX($D$2:$D$5001,O30)) | T30: =IF(O30="","",INDEX($E$2:$E$5001,O30)) | V30: Cohen's kappa (descriptive) | W30: =IF(W26=0,"",IF(W29=1,"undefined (p_e=1)",(W28-W29)/(1-W29)))
A31: =IF(screen_TA_reviewer_A!$A31="","",screen_TA_reviewer_A!$A31) | B31: =IF(OR($A31="",screen_TA_reviewer_A!$C31=""),"",screen_TA_reviewer_A!$C31) | C31: =IF(OR($A31="",screen_TA_reviewer_B!$C31=""),"",screen_TA_reviewer_B!$C31) | D31: =IF(OR($A31="",screen_TA_reviewer_A!$D31=""),"",screen_TA_reviewer_A!$D31) | E31: =IF(OR($A31="",screen_TA_reviewer_B!$D31=""),"",screen_TA_reviewer_B!$D31) | F31: =IF(AND(B31<>"",C31<>""),1,"") | G31: =IF(F31=1,IF(B31=C31,1,0),"") | H31: =IF(B31="","",IFERROR(VLOOKUP(B31,lst_TA_binary_map_table,2,FALSE),"INVALID")) | I31: =IF(C31="","",IFERROR(VLOOKUP(C31,lst_TA_binary_map_table,2,FALSE),"INVALID")) | J31: =IF(F31=1,IF(H31=I31,1,0),"") | K31: =IF(G31=0,1,"") | L31: =IF(K31=1,COUNTIF($K$2:K31,1),"") | N31: 30 | O31: =IFERROR(MATCH(N31,$L$2:$L$5001,0),"") | P31: =IF(O31="","",INDEX($A$2:$A$5001,O31)) | Q31: =IF(O31="","",INDEX($B$2:$B$5001,O31)) | R31: =IF(O31="","",INDEX($C$2:$C$5001,O31)) | S31: =IF(O31="","",INDEX($D$2:$D$5001,O31)) | T31: =IF(O31="","",INDEX($E$2:$E$5001,O31))
A32: =IF(screen_TA_reviewer_A!$A32="","",screen_TA_reviewer_A!$A32) | B32: =IF(OR($A32="",screen_TA_reviewer_A!$C32=""),"",screen_TA_reviewer_A!$C32) | C32: =IF(OR($A32="",screen_TA_reviewer_B!$C32=""),"",screen_TA_reviewer_B!$C32) | D32: =IF(OR($A32="",screen_TA_reviewer_A!$D32=""),"",screen_TA_reviewer_A!$D32) | E32: =IF(OR($A32="",screen_TA_reviewer_B!$D32=""),"",screen_TA_reviewer_B!$D32) | F32: =IF(AND(B32<>"",C32<>""),1,"") | G32: =IF(F32=1,IF(B32=C32,1,0),"") | H32: =IF(B32="","",IFERROR(VLOOKUP(B32,lst_TA_binary_map_table,2,FALSE),"INVALID")) | I32: =IF(C32="","",IFERROR(VLOOKUP(C32,lst_TA_binary_map_table,2,FALSE),"INVALID")) | J32: =IF(F32=1,IF(H32=I32,1,0),"") | K32: =IF(G32=0,1,"") | L32: =IF(K32=1,COUNTIF($K$2:K32,1),"") | N32: 31 | O32: =IFERROR(MATCH(N32,$L$2:$L$5001,0),"") | P32: =IF(O32="","",INDEX($A$2:$A$5001,O32)) | Q32: =IF(O32="","",INDEX($B$2:$B$5001,O32)) | R32: =IF(O32="","",INDEX($C$2:$C$5001,O32)) | S32: =IF(O32="","",INDEX($D$2:$D$5001,O32)) | T32: =IF(O32="","",INDEX($E$2:$E$5001,O32)) | V32: Agreement on calibration binary disposition (2×2)
A33: =IF(screen_TA_reviewer_A!$A33="","",screen_TA_reviewer_A!$A33) | B33: =IF(OR($A33="",screen_TA_reviewer_A!$C33=""),"",screen_TA_reviewer_A!$C33) | C33: =IF(OR($A33="",screen_TA_reviewer_B!$C33=""),"",screen_TA_reviewer_B!$C33) | D33: =IF(OR($A33="",screen_TA_reviewer_A!$D33=""),"",screen_TA_reviewer_A!$D33) | E33: =IF(OR($A33="",screen_TA_reviewer_B!$D33=""),"",screen_TA_reviewer_B!$D33) | F33: =IF(AND(B33<>"",C33<>""),1,"") | G33: =IF(F33=1,IF(B33=C33,1,0),"") | H33: =IF(B33="","",IFERROR(VLOOKUP(B33,lst_TA_binary_map_table,2,FALSE),"INVALID")) | I33: =IF(C33="","",IFERROR(VLOOKUP(C33,lst_TA_binary_map_table,2,FALSE),"INVALID")) | J33: =IF(F33=1,IF(H33=I33,1,0),"") | K33: =IF(G33=0,1,"") | L33: =IF(K33=1,COUNTIF($K$2:K33,1),"") | N33: 32 | O33: =IFERROR(MATCH(N33,$L$2:$L$5001,0),"") | P33: =IF(O33="","",INDEX($A$2:$A$5001,O33)) | Q33: =IF(O33="","",INDEX($B$2:$B$5001,O33)) | R33: =IF(O33="","",INDEX($C$2:$C$5001,O33)) | S33: =IF(O33="","",INDEX($D$2:$D$5001,O33)) | T33: =IF(O33="","",INDEX($E$2:$E$5001,O33)) | V33: A (rows) \ B (cols) | W33: progress / do not exclude | X33: EXCLUDE_TA | Y33: row total (A)
A34: =IF(screen_TA_reviewer_A!$A34="","",screen_TA_reviewer_A!$A34) | B34: =IF(OR($A34="",screen_TA_reviewer_A!$C34=""),"",screen_TA_reviewer_A!$C34) | C34: =IF(OR($A34="",screen_TA_reviewer_B!$C34=""),"",screen_TA_reviewer_B!$C34) | D34: =IF(OR($A34="",screen_TA_reviewer_A!$D34=""),"",screen_TA_reviewer_A!$D34) | E34: =IF(OR($A34="",screen_TA_reviewer_B!$D34=""),"",screen_TA_reviewer_B!$D34) | F34: =IF(AND(B34<>"",C34<>""),1,"") | G34: =IF(F34=1,IF(B34=C34,1,0),"") | H34: =IF(B34="","",IFERROR(VLOOKUP(B34,lst_TA_binary_map_table,2,FALSE),"INVALID")) | I34: =IF(C34="","",IFERROR(VLOOKUP(C34,lst_TA_binary_map_table,2,FALSE),"INVALID")) | J34: =IF(F34=1,IF(H34=I34,1,0),"") | K34: =IF(G34=0,1,"") | L34: =IF(K34=1,COUNTIF($K$2:K34,1),"") | N34: 33 | O34: =IFERROR(MATCH(N34,$L$2:$L$5001,0),"") | P34: =IF(O34="","",INDEX($A$2:$A$5001,O34)) | Q34: =IF(O34="","",INDEX($B$2:$B$5001,O34)) | R34: =IF(O34="","",INDEX($C$2:$C$5001,O34)) | S34: =IF(O34="","",INDEX($D$2:$D$5001,O34)) | T34: =IF(O34="","",INDEX($E$2:$E$5001,O34)) | V34: progress / do not exclude | W34: =COUNTIFS($H$2:$H$5001,$V34,$I$2:$I$5001,W$33) | X34: =COUNTIFS($H$2:$H$5001,$V34,$I$2:$I$5001,X$33) | Y34: =SUM(W34:X34)
A35: =IF(screen_TA_reviewer_A!$A35="","",screen_TA_reviewer_A!$A35) | B35: =IF(OR($A35="",screen_TA_reviewer_A!$C35=""),"",screen_TA_reviewer_A!$C35) | C35: =IF(OR($A35="",screen_TA_reviewer_B!$C35=""),"",screen_TA_reviewer_B!$C35) | D35: =IF(OR($A35="",screen_TA_reviewer_A!$D35=""),"",screen_TA_reviewer_A!$D35) | E35: =IF(OR($A35="",screen_TA_reviewer_B!$D35=""),"",screen_TA_reviewer_B!$D35) | F35: =IF(AND(B35<>"",C35<>""),1,"") | G35: =IF(F35=1,IF(B35=C35,1,0),"") | H35: =IF(B35="","",IFERROR(VLOOKUP(B35,lst_TA_binary_map_table,2,FALSE),"INVALID")) | I35: =IF(C35="","",IFERROR(VLOOKUP(C35,lst_TA_binary_map_table,2,FALSE),"INVALID")) | J35: =IF(F35=1,IF(H35=I35,1,0),"") | K35: =IF(G35=0,1,"") | L35: =IF(K35=1,COUNTIF($K$2:K35,1),"") | N35: 34 | O35: =IFERROR(MATCH(N35,$L$2:$L$5001,0),"") | P35: =IF(O35="","",INDEX($A$2:$A$5001,O35)) | Q35: =IF(O35="","",INDEX($B$2:$B$5001,O35)) | R35: =IF(O35="","",INDEX($C$2:$C$5001,O35)) | S35: =IF(O35="","",INDEX($D$2:$D$5001,O35)) | T35: =IF(O35="","",INDEX($E$2:$E$5001,O35)) | V35: EXCLUDE_TA | W35: =COUNTIFS($H$2:$H$5001,$V35,$I$2:$I$5001,W$33) | X35: =COUNTIFS($H$2:$H$5001,$V35,$I$2:$I$5001,X$33) | Y35: =SUM(W35:X35)
A36: =IF(screen_TA_reviewer_A!$A36="","",screen_TA_reviewer_A!$A36) | B36: =IF(OR($A36="",screen_TA_reviewer_A!$C36=""),"",screen_TA_reviewer_A!$C36) | C36: =IF(OR($A36="",screen_TA_reviewer_B!$C36=""),"",screen_TA_reviewer_B!$C36) | D36: =IF(OR($A36="",screen_TA_reviewer_A!$D36=""),"",screen_TA_reviewer_A!$D36) | E36: =IF(OR($A36="",screen_TA_reviewer_B!$D36=""),"",screen_TA_reviewer_B!$D36) | F36: =IF(AND(B36<>"",C36<>""),1,"") | G36: =IF(F36=1,IF(B36=C36,1,0),"") | H36: =IF(B36="","",IFERROR(VLOOKUP(B36,lst_TA_binary_map_table,2,FALSE),"INVALID")) | I36: =IF(C36="","",IFERROR(VLOOKUP(C36,lst_TA_binary_map_table,2,FALSE),"INVALID")) | J36: =IF(F36=1,IF(H36=I36,1,0),"") | K36: =IF(G36=0,1,"") | L36: =IF(K36=1,COUNTIF($K$2:K36,1),"") | N36: 35 | O36: =IFERROR(MATCH(N36,$L$2:$L$5001,0),"") | P36: =IF(O36="","",INDEX($A$2:$A$5001,O36)) | Q36: =IF(O36="","",INDEX($B$2:$B$5001,O36)) | R36: =IF(O36="","",INDEX($C$2:$C$5001,O36)) | S36: =IF(O36="","",INDEX($D$2:$D$5001,O36)) | T36: =IF(O36="","",INDEX($E$2:$E$5001,O36)) | V36: column total (B) | W36: =SUM(W34:W35) | X36: =SUM(X34:X35) | Y36: =SUM(Y34:Y35)
A37: =IF(screen_TA_reviewer_A!$A37="","",screen_TA_reviewer_A!$A37) | B37: =IF(OR($A37="",screen_TA_reviewer_A!$C37=""),"",screen_TA_reviewer_A!$C37) | C37: =IF(OR($A37="",screen_TA_reviewer_B!$C37=""),"",screen_TA_reviewer_B!$C37) | D37: =IF(OR($A37="",screen_TA_reviewer_A!$D37=""),"",screen_TA_reviewer_A!$D37) | E37: =IF(OR($A37="",screen_TA_reviewer_B!$D37=""),"",screen_TA_reviewer_B!$D37) | F37: =IF(AND(B37<>"",C37<>""),1,"") | G37: =IF(F37=1,IF(B37=C37,1,0),"") | H37: =IF(B37="","",IFERROR(VLOOKUP(B37,lst_TA_binary_map_table,2,FALSE),"INVALID")) | I37: =IF(C37="","",IFERROR(VLOOKUP(C37,lst_TA_binary_map_table,2,FALSE),"INVALID")) | J37: =IF(F37=1,IF(H37=I37,1,0),"") | K37: =IF(G37=0,1,"") | L37: =IF(K37=1,COUNTIF($K$2:K37,1),"") | N37: 36 | O37: =IFERROR(MATCH(N37,$L$2:$L$5001,0),"") | P37: =IF(O37="","",INDEX($A$2:$A$5001,O37)) | Q37: =IF(O37="","",INDEX($B$2:$B$5001,O37)) | R37: =IF(O37="","",INDEX($C$2:$C$5001,O37)) | S37: =IF(O37="","",INDEX($D$2:$D$5001,O37)) | T37: =IF(O37="","",INDEX($E$2:$E$5001,O37)) | V37: n (jointly coded with listed codes) | W37: =Y36
A38: =IF(screen_TA_reviewer_A!$A38="","",screen_TA_reviewer_A!$A38) | B38: =IF(OR($A38="",screen_TA_reviewer_A!$C38=""),"",screen_TA_reviewer_A!$C38) | C38: =IF(OR($A38="",screen_TA_reviewer_B!$C38=""),"",screen_TA_reviewer_B!$C38) | D38: =IF(OR($A38="",screen_TA_reviewer_A!$D38=""),"",screen_TA_reviewer_A!$D38) | E38: =IF(OR($A38="",screen_TA_reviewer_B!$D38=""),"",screen_TA_reviewer_B!$D38) | F38: =IF(AND(B38<>"",C38<>""),1,"") | G38: =IF(F38=1,IF(B38=C38,1,0),"") | H38: =IF(B38="","",IFERROR(VLOOKUP(B38,lst_TA_binary_map_table,2,FALSE),"INVALID")) | I38: =IF(C38="","",IFERROR(VLOOKUP(C38,lst_TA_binary_map_table,2,FALSE),"INVALID")) | J38: =IF(F38=1,IF(H38=I38,1,0),"") | K38: =IF(G38=0,1,"") | L38: =IF(K38=1,COUNTIF($K$2:K38,1),"") | N38: 37 | O38: =IFERROR(MATCH(N38,$L$2:$L$5001,0),"") | P38: =IF(O38="","",INDEX($A$2:$A$5001,O38)) | Q38: =IF(O38="","",INDEX($B$2:$B$5001,O38)) | R38: =IF(O38="","",INDEX($C$2:$C$5001,O38)) | S38: =IF(O38="","",INDEX($D$2:$D$5001,O38)) | T38: =IF(O38="","",INDEX($E$2:$E$5001,O38)) | V38: observed agreements (diagonal) | W38: =SUM(W34,X35)
A39: =IF(screen_TA_reviewer_A!$A39="","",screen_TA_reviewer_A!$A39) | B39: =IF(OR($A39="",screen_TA_reviewer_A!$C39=""),"",screen_TA_reviewer_A!$C39) | C39: =IF(OR($A39="",screen_TA_reviewer_B!$C39=""),"",screen_TA_reviewer_B!$C39) | D39: =IF(OR($A39="",screen_TA_reviewer_A!$D39=""),"",screen_TA_reviewer_A!$D39) | E39: =IF(OR($A39="",screen_TA_reviewer_B!$D39=""),"",screen_TA_reviewer_B!$D39) | F39: =IF(AND(B39<>"",C39<>""),1,"") | G39: =IF(F39=1,IF(B39=C39,1,0),"") | H39: =IF(B39="","",IFERROR(VLOOKUP(B39,lst_TA_binary_map_table,2,FALSE),"INVALID")) | I39: =IF(C39="","",IFERROR(VLOOKUP(C39,lst_TA_binary_map_table,2,FALSE),"INVALID")) | J39: =IF(F39=1,IF(H39=I39,1,0),"") | K39: =IF(G39=0,1,"") | L39: =IF(K39=1,COUNTIF($K$2:K39,1),"") | N39: 38 | O39: =IFERROR(MATCH(N39,$L$2:$L$5001,0),"") | P39: =IF(O39="","",INDEX($A$2:$A$5001,O39)) | Q39: =IF(O39="","",INDEX($B$2:$B$5001,O39)) | R39: =IF(O39="","",INDEX($C$2:$C$5001,O39)) | S39: =IF(O39="","",INDEX($D$2:$D$5001,O39)) | T39: =IF(O39="","",INDEX($E$2:$E$5001,O39)) | V39: raw agreement p_o | W39: =IF(W37=0,"",W38/W37)
A40: =IF(screen_TA_reviewer_A!$A40="","",screen_TA_reviewer_A!$A40) | B40: =IF(OR($A40="",screen_TA_reviewer_A!$C40=""),"",screen_TA_reviewer_A!$C40) | C40: =IF(OR($A40="",screen_TA_reviewer_B!$C40=""),"",screen_TA_reviewer_B!$C40) | D40: =IF(OR($A40="",screen_TA_reviewer_A!$D40=""),"",screen_TA_reviewer_A!$D40) | E40: =IF(OR($A40="",screen_TA_reviewer_B!$D40=""),"",screen_TA_reviewer_B!$D40) | F40: =IF(AND(B40<>"",C40<>""),1,"") | G40: =IF(F40=1,IF(B40=C40,1,0),"") | H40: =IF(B40="","",IFERROR(VLOOKUP(B40,lst_TA_binary_map_table,2,FALSE),"INVALID")) | I40: =IF(C40="","",IFERROR(VLOOKUP(C40,lst_TA_binary_map_table,2,FALSE),"INVALID")) | J40: =IF(F40=1,IF(H40=I40,1,0),"") | K40: =IF(G40=0,1,"") | L40: =IF(K40=1,COUNTIF($K$2:K40,1),"") | N40: 39 | O40: =IFERROR(MATCH(N40,$L$2:$L$5001,0),"") | P40: =IF(O40="","",INDEX($A$2:$A$5001,O40)) | Q40: =IF(O40="","",INDEX($B$2:$B$5001,O40)) | R40: =IF(O40="","",INDEX($C$2:$C$5001,O40)) | S40: =IF(O40="","",INDEX($D$2:$D$5001,O40)) | T40: =IF(O40="","",INDEX($E$2:$E$5001,O40)) | V40: chance agreement p_e | W40: =IF(W37=0,"",(Y34*W36+Y35*X36)/W37^2)
A41: =IF(screen_TA_reviewer_A!$A41="","",screen_TA_reviewer_A!$A41) | B41: =IF(OR($A41="",screen_TA_reviewer_A!$C41=""),"",screen_TA_reviewer_A!$C41) | C41: =IF(OR($A41="",screen_TA_reviewer_B!$C41=""),"",screen_TA_reviewer_B!$C41) | D41: =IF(OR($A41="",screen_TA_reviewer_A!$D41=""),"",screen_TA_reviewer_A!$D41) | E41: =IF(OR($A41="",screen_TA_reviewer_B!$D41=""),"",screen_TA_reviewer_B!$D41) | F41: =IF(AND(B41<>"",C41<>""),1,"") | G41: =IF(F41=1,IF(B41=C41,1,0),"") | H41: =IF(B41="","",IFERROR(VLOOKUP(B41,lst_TA_binary_map_table,2,FALSE),"INVALID")) | I41: =IF(C41="","",IFERROR(VLOOKUP(C41,lst_TA_binary_map_table,2,FALSE),"INVALID")) | J41: =IF(F41=1,IF(H41=I41,1,0),"") | K41: =IF(G41=0,1,"") | L41: =IF(K41=1,COUNTIF($K$2:K41,1),"") | N41: 40 | O41: =IFERROR(MATCH(N41,$L$2:$L$5001,0),"") | P41: =IF(O41="","",INDEX($A$2:$A$5001,O41)) | Q41: =IF(O41="","",INDEX($B$2:$B$5001,O41)) | R41: =IF(O41="","",INDEX($C$2:$C$5001,O41)) | S41: =IF(O41="","",INDEX($D$2:$D$5001,O41)) | T41: =IF(O41="","",INDEX($E$2:$E$5001,O41)) | V41: Cohen's kappa (descriptive) | W41: =IF(W37=0,"",IF(W40=1,"undefined (p_e=1)",(W39-W40)/(1-W40)))
A42: =IF(screen_TA_reviewer_A!$A42="","",screen_TA_reviewer_A!$A42) | B42: =IF(OR($A42="",screen_TA_reviewer_A!$C42=""),"",screen_TA_reviewer_A!$C42) | C42: =IF(OR($A42="",screen_TA_reviewer_B!$C42=""),"",screen_TA_reviewer_B!$C42) | D42: =IF(OR($A42="",screen_TA_reviewer_A!$D42=""),"",screen_TA_reviewer_A!$D42) | E42: =IF(OR($A42="",screen_TA_reviewer_B!$D42=""),"",screen_TA_reviewer_B!$D42) | F42: =IF(AND(B42<>"",C42<>""),1,"") | G42: =IF(F42=1,IF(B42=C42,1,0),"") | H42: =IF(B42="","",IFERROR(VLOOKUP(B42,lst_TA_binary_map_table,2,FALSE),"INVALID")) | I42: =IF(C42="","",IFERROR(VLOOKUP(C42,lst_TA_binary_map_table,2,FALSE),"INVALID")) | J42: =IF(F42=1,IF(H42=I42,1,0),"") | K42: =IF(G42=0,1,"") | L42: =IF(K42=1,COUNTIF($K$2:K42,1),"") | N42: 41 | O42: =IFERROR(MATCH(N42,$L$2:$L$5001,0),"") | P42: =IF(O42="","",INDEX($A$2:$A$5001,O42)) | Q42: =IF(O42="","",INDEX($B$2:$B$5001,O42)) | R42: =IF(O42="","",INDEX($C$2:$C$5001,O42)) | S42: =IF(O42="","",INDEX($D$2:$D$5001,O42)) | T42: =IF(O42="","",INDEX($E$2:$E$5001,O42))
A43: =IF(screen_TA_reviewer_A!$A43="","",screen_TA_reviewer_A!$A43) | B43: =IF(OR($A43="",screen_TA_reviewer_A!$C43=""),"",screen_TA_reviewer_A!$C43) | C43: =IF(OR($A43="",screen_TA_reviewer_B!$C43=""),"",screen_TA_reviewer_B!$C43) | D43: =IF(OR($A43="",screen_TA_reviewer_A!$D43=""),"",screen_TA_reviewer_A!$D43) | E43: =IF(OR($A43="",screen_TA_reviewer_B!$D43=""),"",screen_TA_reviewer_B!$D43) | F43: =IF(AND(B43<>"",C43<>""),1,"") | G43: =IF(F43=1,IF(B43=C43,1,0),"") | H43: =IF(B43="","",IFERROR(VLOOKUP(B43,lst_TA_binary_map_table,2,FALSE),"INVALID")) | I43: =IF(C43="","",IFERROR(VLOOKUP(C43,lst_TA_binary_map_table,2,FALSE),"INVALID")) | J43: =IF(F43=1,IF(H43=I43,1,0),"") | K43: =IF(G43=0,1,"") | L43: =IF(K43=1,COUNTIF($K$2:K43,1),"") | N43: 42 | O43: =IFERROR(MATCH(N43,$L$2:$L$5001,0),"") | P43: =IF(O43="","",INDEX($A$2:$A$5001,O43)) | Q43: =IF(O43="","",INDEX($B$2:$B$5001,O43)) | R43: =IF(O43="","",INDEX($C$2:$C$5001,O43)) | S43: =IF(O43="","",INDEX($D$2:$D$5001,O43)) | T43: =IF(O43="","",INDEX($E$2:$E$5001,O43))
A44: =IF(screen_TA_reviewer_A!$A44="","",screen_TA_reviewer_A!$A44) | B44: =IF(OR($A44="",screen_TA_reviewer_A!$C44=""),"",screen_TA_reviewer_A!$C44) | C44: =IF(OR($A44="",screen_TA_reviewer_B!$C44=""),"",screen_TA_reviewer_B!$C44) | D44: =IF(OR($A44="",screen_TA_reviewer_A!$D44=""),"",screen_TA_reviewer_A!$D44) | E44: =IF(OR($A44="",screen_TA_reviewer_B!$D44=""),"",screen_TA_reviewer_B!$D44) | F44: =IF(AND(B44<>"",C44<>""),1,"") | G44: =IF(F44=1,IF(B44=C44,1,0),"") | H44: =IF(B44="","",IFERROR(VLOOKUP(B44,lst_TA_binary_map_table,2,FALSE),"INVALID")) | I44: =IF(C44="","",IFERROR(VLOOKUP(C44,lst_TA_binary_map_table,2,FALSE),"INVALID")) | J44: =IF(F44=1,IF(H44=I44,1,0),"") | K44: =IF(G44=0,1,"") | L44: =IF(K44=1,COUNTIF($K$2:K44,1),"") | N44: 43 | O44: =IFERROR(MATCH(N44,$L$2:$L$5001,0),"") | P44: =IF(O44="","",INDEX($A$2:$A$5001,O44)) | Q44: =IF(O44="","",INDEX($B$2:$B$5001,O44)) | R44: =IF(O44="","",INDEX($C$2:$C$5001,O44)) | S44: =IF(O44="","",INDEX($D$2:$D$5001,O44)) | T44: =IF(O44="","",INDEX($E$2:$E$5001,O44)) | V44: calibration_50 — initial pilot (calibration_plan.md): 50 records drawn with random.Random(seed).sample(sorted(pool), 50); paste sampled record_ids below (green cells).
A45: =IF(screen_TA_reviewer_A!$A45="","",screen_TA_reviewer_A!$A45) | B45: =IF(OR($A45="",screen_TA_reviewer_A!$C45=""),"",screen_TA_reviewer_A!$C45) | C45: =IF(OR($A45="",screen_TA_reviewer_B!$C45=""),"",screen_TA_reviewer_B!$C45) | D45: =IF(OR($A45="",screen_TA_reviewer_A!$D45=""),"",screen_TA_reviewer_A!$D45) | E45: =IF(OR($A45="",screen_TA_reviewer_B!$D45=""),"",screen_TA_reviewer_B!$D45) | F45: =IF(AND(B45<>"",C45<>""),1,"") | G45: =IF(F45=1,IF(B45=C45,1,0),"") | H45: =IF(B45="","",IFERROR(VLOOKUP(B45,lst_TA_binary_map_table,2,FALSE),"INVALID")) | I45: =IF(C45="","",IFERROR(VLOOKUP(C45,lst_TA_binary_map_table,2,FALSE),"INVALID")) | J45: =IF(F45=1,IF(H45=I45,1,0),"") | K45: =IF(G45=0,1,"") | L45: =IF(K45=1,COUNTIF($K$2:K45,1),"") | N45: 44 | O45: =IFERROR(MATCH(N45,$L$2:$L$5001,0),"") | P45: =IF(O45="","",INDEX($A$2:$A$5001,O45)) | Q45: =IF(O45="","",INDEX($B$2:$B$5001,O45)) | R45: =IF(O45="","",INDEX($C$2:$C$5001,O45)) | S45: =IF(O45="","",INDEX($D$2:$D$5001,O45)) | T45: =IF(O45="","",INDEX($E$2:$E$5001,O45)) | V45: planned_sample_size (screening_log_template) | W45: 50
A46: =IF(screen_TA_reviewer_A!$A46="","",screen_TA_reviewer_A!$A46) | B46: =IF(OR($A46="",screen_TA_reviewer_A!$C46=""),"",screen_TA_reviewer_A!$C46) | C46: =IF(OR($A46="",screen_TA_reviewer_B!$C46=""),"",screen_TA_reviewer_B!$C46) | D46: =IF(OR($A46="",screen_TA_reviewer_A!$D46=""),"",screen_TA_reviewer_A!$D46) | E46: =IF(OR($A46="",screen_TA_reviewer_B!$D46=""),"",screen_TA_reviewer_B!$D46) | F46: =IF(AND(B46<>"",C46<>""),1,"") | G46: =IF(F46=1,IF(B46=C46,1,0),"") | H46: =IF(B46="","",IFERROR(VLOOKUP(B46,lst_TA_binary_map_table,2,FALSE),"INVALID")) | I46: =IF(C46="","",IFERROR(VLOOKUP(C46,lst_TA_binary_map_table,2,FALSE),"INVALID")) | J46: =IF(F46=1,IF(H46=I46,1,0),"") | K46: =IF(G46=0,1,"") | L46: =IF(K46=1,COUNTIF($K$2:K46,1),"") | N46: 45 | O46: =IFERROR(MATCH(N46,$L$2:$L$5001,0),"") | P46: =IF(O46="","",INDEX($A$2:$A$5001,O46)) | Q46: =IF(O46="","",INDEX($B$2:$B$5001,O46)) | R46: =IF(O46="","",INDEX($C$2:$C$5001,O46)) | S46: =IF(O46="","",INDEX($D$2:$D$5001,O46)) | T46: =IF(O46="","",INDEX($E$2:$E$5001,O46)) | V46: base random_seed (screening_log_template) | W46: 20261002
A47: =IF(screen_TA_reviewer_A!$A47="","",screen_TA_reviewer_A!$A47) | B47: =IF(OR($A47="",screen_TA_reviewer_A!$C47=""),"",screen_TA_reviewer_A!$C47) | C47: =IF(OR($A47="",screen_TA_reviewer_B!$C47=""),"",screen_TA_reviewer_B!$C47) | D47: =IF(OR($A47="",screen_TA_reviewer_A!$D47=""),"",screen_TA_reviewer_A!$D47) | E47: =IF(OR($A47="",screen_TA_reviewer_B!$D47=""),"",screen_TA_reviewer_B!$D47) | F47: =IF(AND(B47<>"",C47<>""),1,"") | G47: =IF(F47=1,IF(B47=C47,1,0),"") | H47: =IF(B47="","",IFERROR(VLOOKUP(B47,lst_TA_binary_map_table,2,FALSE),"INVALID")) | I47: =IF(C47="","",IFERROR(VLOOKUP(C47,lst_TA_binary_map_table,2,FALSE),"INVALID")) | J47: =IF(F47=1,IF(H47=I47,1,0),"") | K47: =IF(G47=0,1,"") | L47: =IF(K47=1,COUNTIF($K$2:K47,1),"") | N47: 46 | O47: =IFERROR(MATCH(N47,$L$2:$L$5001,0),"") | P47: =IF(O47="","",INDEX($A$2:$A$5001,O47)) | Q47: =IF(O47="","",INDEX($B$2:$B$5001,O47)) | R47: =IF(O47="","",INDEX($C$2:$C$5001,O47)) | S47: =IF(O47="","",INDEX($D$2:$D$5001,O47)) | T47: =IF(O47="","",INDEX($E$2:$E$5001,O47)) | V47: round_number (1 = initial; input)
A48: =IF(screen_TA_reviewer_A!$A48="","",screen_TA_reviewer_A!$A48) | B48: =IF(OR($A48="",screen_TA_reviewer_A!$C48=""),"",screen_TA_reviewer_A!$C48) | C48: =IF(OR($A48="",screen_TA_reviewer_B!$C48=""),"",screen_TA_reviewer_B!$C48) | D48: =IF(OR($A48="",screen_TA_reviewer_A!$D48=""),"",screen_TA_reviewer_A!$D48) | E48: =IF(OR($A48="",screen_TA_reviewer_B!$D48=""),"",screen_TA_reviewer_B!$D48) | F48: =IF(AND(B48<>"",C48<>""),1,"") | G48: =IF(F48=1,IF(B48=C48,1,0),"") | H48: =IF(B48="","",IFERROR(VLOOKUP(B48,lst_TA_binary_map_table,2,FALSE),"INVALID")) | I48: =IF(C48="","",IFERROR(VLOOKUP(C48,lst_TA_binary_map_table,2,FALSE),"INVALID")) | J48: =IF(F48=1,IF(H48=I48,1,0),"") | K48: =IF(G48=0,1,"") | L48: =IF(K48=1,COUNTIF($K$2:K48,1),"") | N48: 47 | O48: =IFERROR(MATCH(N48,$L$2:$L$5001,0),"") | P48: =IF(O48="","",INDEX($A$2:$A$5001,O48)) | Q48: =IF(O48="","",INDEX($B$2:$B$5001,O48)) | R48: =IF(O48="","",INDEX($C$2:$C$5001,O48)) | S48: =IF(O48="","",INDEX($D$2:$D$5001,O48)) | T48: =IF(O48="","",INDEX($E$2:$E$5001,O48)) | V48: seed for this round (= seed + round_number - 1) | W48: =IF(W47="","",W46+W47-1)
A49: =IF(screen_TA_reviewer_A!$A49="","",screen_TA_reviewer_A!$A49) | B49: =IF(OR($A49="",screen_TA_reviewer_A!$C49=""),"",screen_TA_reviewer_A!$C49) | C49: =IF(OR($A49="",screen_TA_reviewer_B!$C49=""),"",screen_TA_reviewer_B!$C49) | D49: =IF(OR($A49="",screen_TA_reviewer_A!$D49=""),"",screen_TA_reviewer_A!$D49) | E49: =IF(OR($A49="",screen_TA_reviewer_B!$D49=""),"",screen_TA_reviewer_B!$D49) | F49: =IF(AND(B49<>"",C49<>""),1,"") | G49: =IF(F49=1,IF(B49=C49,1,0),"") | H49: =IF(B49="","",IFERROR(VLOOKUP(B49,lst_TA_binary_map_table,2,FALSE),"INVALID")) | I49: =IF(C49="","",IFERROR(VLOOKUP(C49,lst_TA_binary_map_table,2,FALSE),"INVALID")) | J49: =IF(F49=1,IF(H49=I49,1,0),"") | K49: =IF(G49=0,1,"") | L49: =IF(K49=1,COUNTIF($K$2:K49,1),"") | N49: 48 | O49: =IFERROR(MATCH(N49,$L$2:$L$5001,0),"") | P49: =IF(O49="","",INDEX($A$2:$A$5001,O49)) | Q49: =IF(O49="","",INDEX($B$2:$B$5001,O49)) | R49: =IF(O49="","",INDEX($C$2:$C$5001,O49)) | S49: =IF(O49="","",INDEX($D$2:$D$5001,O49)) | T49: =IF(O49="","",INDEX($E$2:$E$5001,O49)) | V49: raw-agreement threshold (calibration_plan.md) | W49: 0.8
A50: =IF(screen_TA_reviewer_A!$A50="","",screen_TA_reviewer_A!$A50) | B50: =IF(OR($A50="",screen_TA_reviewer_A!$C50=""),"",screen_TA_reviewer_A!$C50) | C50: =IF(OR($A50="",screen_TA_reviewer_B!$C50=""),"",screen_TA_reviewer_B!$C50) | D50: =IF(OR($A50="",screen_TA_reviewer_A!$D50=""),"",screen_TA_reviewer_A!$D50) | E50: =IF(OR($A50="",screen_TA_reviewer_B!$D50=""),"",screen_TA_reviewer_B!$D50) | F50: =IF(AND(B50<>"",C50<>""),1,"") | G50: =IF(F50=1,IF(B50=C50,1,0),"") | H50: =IF(B50="","",IFERROR(VLOOKUP(B50,lst_TA_binary_map_table,2,FALSE),"INVALID")) | I50: =IF(C50="","",IFERROR(VLOOKUP(C50,lst_TA_binary_map_table,2,FALSE),"INVALID")) | J50: =IF(F50=1,IF(H50=I50,1,0),"") | K50: =IF(G50=0,1,"") | L50: =IF(K50=1,COUNTIF($K$2:K50,1),"") | N50: 49 | O50: =IFERROR(MATCH(N50,$L$2:$L$5001,0),"") | P50: =IF(O50="","",INDEX($A$2:$A$5001,O50)) | Q50: =IF(O50="","",INDEX($B$2:$B$5001,O50)) | R50: =IF(O50="","",INDEX($C$2:$C$5001,O50)) | S50: =IF(O50="","",INDEX($D$2:$D$5001,O50)) | T50: =IF(O50="","",INDEX($E$2:$E$5001,O50)) | V50: all conceptual disagreements resolved? (TRUE/FALSE; input)
A51: =IF(screen_TA_reviewer_A!$A51="","",screen_TA_reviewer_A!$A51) | B51: =IF(OR($A51="",screen_TA_reviewer_A!$C51=""),"",screen_TA_reviewer_A!$C51) | C51: =IF(OR($A51="",screen_TA_reviewer_B!$C51=""),"",screen_TA_reviewer_B!$C51) | D51: =IF(OR($A51="",screen_TA_reviewer_A!$D51=""),"",screen_TA_reviewer_A!$D51) | E51: =IF(OR($A51="",screen_TA_reviewer_B!$D51=""),"",screen_TA_reviewer_B!$D51) | F51: =IF(AND(B51<>"",C51<>""),1,"") | G51: =IF(F51=1,IF(B51=C51,1,0),"") | H51: =IF(B51="","",IFERROR(VLOOKUP(B51,lst_TA_binary_map_table,2,FALSE),"INVALID")) | I51: =IF(C51="","",IFERROR(VLOOKUP(C51,lst_TA_binary_map_table,2,FALSE),"INVALID")) | J51: =IF(F51=1,IF(H51=I51,1,0),"") | K51: =IF(G51=0,1,"") | L51: =IF(K51=1,COUNTIF($K$2:K51,1),"") | N51: 50 | O51: =IFERROR(MATCH(N51,$L$2:$L$5001,0),"") | P51: =IF(O51="","",INDEX($A$2:$A$5001,O51)) | Q51: =IF(O51="","",INDEX($B$2:$B$5001,O51)) | R51: =IF(O51="","",INDEX($C$2:$C$5001,O51)) | S51: =IF(O51="","",INDEX($D$2:$D$5001,O51)) | T51: =IF(O51="","",INDEX($E$2:$E$5001,O51)) | V51: sample IDs entered | W51: =SUMPRODUCT(--(W59:W108<>""))
A52: =IF(screen_TA_reviewer_A!$A52="","",screen_TA_reviewer_A!$A52) | B52: =IF(OR($A52="",screen_TA_reviewer_A!$C52=""),"",screen_TA_reviewer_A!$C52) | C52: =IF(OR($A52="",screen_TA_reviewer_B!$C52=""),"",screen_TA_reviewer_B!$C52) | D52: =IF(OR($A52="",screen_TA_reviewer_A!$D52=""),"",screen_TA_reviewer_A!$D52) | E52: =IF(OR($A52="",screen_TA_reviewer_B!$D52=""),"",screen_TA_reviewer_B!$D52) | F52: =IF(AND(B52<>"",C52<>""),1,"") | G52: =IF(F52=1,IF(B52=C52,1,0),"") | H52: =IF(B52="","",IFERROR(VLOOKUP(B52,lst_TA_binary_map_table,2,FALSE),"INVALID")) | I52: =IF(C52="","",IFERROR(VLOOKUP(C52,lst_TA_binary_map_table,2,FALSE),"INVALID")) | J52: =IF(F52=1,IF(H52=I52,1,0),"") | K52: =IF(G52=0,1,"") | L52: =IF(K52=1,COUNTIF($K$2:K52,1),"") | N52: 51 | O52: =IFERROR(MATCH(N52,$L$2:$L$5001,0),"") | P52: =IF(O52="","",INDEX($A$2:$A$5001,O52)) | Q52: =IF(O52="","",INDEX($B$2:$B$5001,O52)) | R52: =IF(O52="","",INDEX($C$2:$C$5001,O52)) | S52: =IF(O52="","",INDEX($D$2:$D$5001,O52)) | T52: =IF(O52="","",INDEX($E$2:$E$5001,O52)) | V52: IDs not found in pool | W52: =COUNTIF(X59:X108,"NOT IN POOL")
A53: =IF(screen_TA_reviewer_A!$A53="","",screen_TA_reviewer_A!$A53) | B53: =IF(OR($A53="",screen_TA_reviewer_A!$C53=""),"",screen_TA_reviewer_A!$C53) | C53: =IF(OR($A53="",screen_TA_reviewer_B!$C53=""),"",screen_TA_reviewer_B!$C53) | D53: =IF(OR($A53="",screen_TA_reviewer_A!$D53=""),"",screen_TA_reviewer_A!$D53) | E53: =IF(OR($A53="",screen_TA_reviewer_B!$D53=""),"",screen_TA_reviewer_B!$D53) | F53: =IF(AND(B53<>"",C53<>""),1,"") | G53: =IF(F53=1,IF(B53=C53,1,0),"") | H53: =IF(B53="","",IFERROR(VLOOKUP(B53,lst_TA_binary_map_table,2,FALSE),"INVALID")) | I53: =IF(C53="","",IFERROR(VLOOKUP(C53,lst_TA_binary_map_table,2,FALSE),"INVALID")) | J53: =IF(F53=1,IF(H53=I53,1,0),"") | K53: =IF(G53=0,1,"") | L53: =IF(K53=1,COUNTIF($K$2:K53,1),"") | N53: 52 | O53: =IFERROR(MATCH(N53,$L$2:$L$5001,0),"") | P53: =IF(O53="","",INDEX($A$2:$A$5001,O53)) | Q53: =IF(O53="","",INDEX($B$2:$B$5001,O53)) | R53: =IF(O53="","",INDEX($C$2:$C$5001,O53)) | S53: =IF(O53="","",INDEX($D$2:$D$5001,O53)) | T53: =IF(O53="","",INDEX($E$2:$E$5001,O53)) | V53: jointly assessed (denominator) | W53: =SUM(AA59:AA108)
A54: =IF(screen_TA_reviewer_A!$A54="","",screen_TA_reviewer_A!$A54) | B54: =IF(OR($A54="",screen_TA_reviewer_A!$C54=""),"",screen_TA_reviewer_A!$C54) | C54: =IF(OR($A54="",screen_TA_reviewer_B!$C54=""),"",screen_TA_reviewer_B!$C54) | D54: =IF(OR($A54="",screen_TA_reviewer_A!$D54=""),"",screen_TA_reviewer_A!$D54) | E54: =IF(OR($A54="",screen_TA_reviewer_B!$D54=""),"",screen_TA_reviewer_B!$D54) | F54: =IF(AND(B54<>"",C54<>""),1,"") | G54: =IF(F54=1,IF(B54=C54,1,0),"") | H54: =IF(B54="","",IFERROR(VLOOKUP(B54,lst_TA_binary_map_table,2,FALSE),"INVALID")) | I54: =IF(C54="","",IFERROR(VLOOKUP(C54,lst_TA_binary_map_table,2,FALSE),"INVALID")) | J54: =IF(F54=1,IF(H54=I54,1,0),"") | K54: =IF(G54=0,1,"") | L54: =IF(K54=1,COUNTIF($K$2:K54,1),"") | N54: 53 | O54: =IFERROR(MATCH(N54,$L$2:$L$5001,0),"") | P54: =IF(O54="","",INDEX($A$2:$A$5001,O54)) | Q54: =IF(O54="","",INDEX($B$2:$B$5001,O54)) | R54: =IF(O54="","",INDEX($C$2:$C$5001,O54)) | S54: =IF(O54="","",INDEX($D$2:$D$5001,O54)) | T54: =IF(O54="","",INDEX($E$2:$E$5001,O54)) | V54: agreements (numerator) | W54: =SUM(AB59:AB108)
A55: =IF(screen_TA_reviewer_A!$A55="","",screen_TA_reviewer_A!$A55) | B55: =IF(OR($A55="",screen_TA_reviewer_A!$C55=""),"",screen_TA_reviewer_A!$C55) | C55: =IF(OR($A55="",screen_TA_reviewer_B!$C55=""),"",screen_TA_reviewer_B!$C55) | D55: =IF(OR($A55="",screen_TA_reviewer_A!$D55=""),"",screen_TA_reviewer_A!$D55) | E55: =IF(OR($A55="",screen_TA_reviewer_B!$D55=""),"",screen_TA_reviewer_B!$D55) | F55: =IF(AND(B55<>"",C55<>""),1,"") | G55: =IF(F55=1,IF(B55=C55,1,0),"") | H55: =IF(B55="","",IFERROR(VLOOKUP(B55,lst_TA_binary_map_table,2,FALSE),"INVALID")) | I55: =IF(C55="","",IFERROR(VLOOKUP(C55,lst_TA_binary_map_table,2,FALSE),"INVALID")) | J55: =IF(F55=1,IF(H55=I55,1,0),"") | K55: =IF(G55=0,1,"") | L55: =IF(K55=1,COUNTIF($K$2:K55,1),"") | N55: 54 | O55: =IFERROR(MATCH(N55,$L$2:$L$5001,0),"") | P55: =IF(O55="","",INDEX($A$2:$A$5001,O55)) | Q55: =IF(O55="","",INDEX($B$2:$B$5001,O55)) | R55: =IF(O55="","",INDEX($C$2:$C$5001,O55)) | S55: =IF(O55="","",INDEX($D$2:$D$5001,O55)) | T55: =IF(O55="","",INDEX($E$2:$E$5001,O55)) | V55: raw agreement | W55: =IF(W53=0,"",W54/W53)
A56: =IF(screen_TA_reviewer_A!$A56="","",screen_TA_reviewer_A!$A56) | B56: =IF(OR($A56="",screen_TA_reviewer_A!$C56=""),"",screen_TA_reviewer_A!$C56) | C56: =IF(OR($A56="",screen_TA_reviewer_B!$C56=""),"",screen_TA_reviewer_B!$C56) | D56: =IF(OR($A56="",screen_TA_reviewer_A!$D56=""),"",screen_TA_reviewer_A!$D56) | E56: =IF(OR($A56="",screen_TA_reviewer_B!$D56=""),"",screen_TA_reviewer_B!$D56) | F56: =IF(AND(B56<>"",C56<>""),1,"") | G56: =IF(F56=1,IF(B56=C56,1,0),"") | H56: =IF(B56="","",IFERROR(VLOOKUP(B56,lst_TA_binary_map_table,2,FALSE),"INVALID")) | I56: =IF(C56="","",IFERROR(VLOOKUP(C56,lst_TA_binary_map_table,2,FALSE),"INVALID")) | J56: =IF(F56=1,IF(H56=I56,1,0),"") | K56: =IF(G56=0,1,"") | L56: =IF(K56=1,COUNTIF($K$2:K56,1),"") | N56: 55 | O56: =IFERROR(MATCH(N56,$L$2:$L$5001,0),"") | P56: =IF(O56="","",INDEX($A$2:$A$5001,O56)) | Q56: =IF(O56="","",INDEX($B$2:$B$5001,O56)) | R56: =IF(O56="","",INDEX($C$2:$C$5001,O56)) | S56: =IF(O56="","",INDEX($D$2:$D$5001,O56)) | T56: =IF(O56="","",INDEX($E$2:$E$5001,O56)) | V56: Cohen's kappa (descriptive; see table below) | W56: =W119
A57: =IF(screen_TA_reviewer_A!$A57="","",screen_TA_reviewer_A!$A57) | B57: =IF(OR($A57="",screen_TA_reviewer_A!$C57=""),"",screen_TA_reviewer_A!$C57) | C57: =IF(OR($A57="",screen_TA_reviewer_B!$C57=""),"",screen_TA_reviewer_B!$C57) | D57: =IF(OR($A57="",screen_TA_reviewer_A!$D57=""),"",screen_TA_reviewer_A!$D57) | E57: =IF(OR($A57="",screen_TA_reviewer_B!$D57=""),"",screen_TA_reviewer_B!$D57) | F57: =IF(AND(B57<>"",C57<>""),1,"") | G57: =IF(F57=1,IF(B57=C57,1,0),"") | H57: =IF(B57="","",IFERROR(VLOOKUP(B57,lst_TA_binary_map_table,2,FALSE),"INVALID")) | I57: =IF(C57="","",IFERROR(VLOOKUP(C57,lst_TA_binary_map_table,2,FALSE),"INVALID")) | J57: =IF(F57=1,IF(H57=I57,1,0),"") | K57: =IF(G57=0,1,"") | L57: =IF(K57=1,COUNTIF($K$2:K57,1),"") | N57: 56 | O57: =IFERROR(MATCH(N57,$L$2:$L$5001,0),"") | P57: =IF(O57="","",INDEX($A$2:$A$5001,O57)) | Q57: =IF(O57="","",INDEX($B$2:$B$5001,O57)) | R57: =IF(O57="","",INDEX($C$2:$C$5001,O57)) | S57: =IF(O57="","",INDEX($D$2:$D$5001,O57)) | T57: =IF(O57="","",INDEX($E$2:$E$5001,O57)) | V57: calibration status | W57: =IF(W53<W45,"INCOMPLETE: "&W53&"/"&W45&" jointly assessed",IF(AND(W55>=W49,W50="TRUE"),"PASS","NOT PASSED: clarify manual and run a fresh round (new seed, unseen records)"))
A58: =IF(screen_TA_reviewer_A!$A58="","",screen_TA_reviewer_A!$A58) | B58: =IF(OR($A58="",screen_TA_reviewer_A!$C58=""),"",screen_TA_reviewer_A!$C58) | C58: =IF(OR($A58="",screen_TA_reviewer_B!$C58=""),"",screen_TA_reviewer_B!$C58) | D58: =IF(OR($A58="",screen_TA_reviewer_A!$D58=""),"",screen_TA_reviewer_A!$D58) | E58: =IF(OR($A58="",screen_TA_reviewer_B!$D58=""),"",screen_TA_reviewer_B!$D58) | F58: =IF(AND(B58<>"",C58<>""),1,"") | G58: =IF(F58=1,IF(B58=C58,1,0),"") | H58: =IF(B58="","",IFERROR(VLOOKUP(B58,lst_TA_binary_map_table,2,FALSE),"INVALID")) | I58: =IF(C58="","",IFERROR(VLOOKUP(C58,lst_TA_binary_map_table,2,FALSE),"INVALID")) | J58: =IF(F58=1,IF(H58=I58,1,0),"") | K58: =IF(G58=0,1,"") | L58: =IF(K58=1,COUNTIF($K$2:K58,1),"") | N58: 57 | O58: =IFERROR(MATCH(N58,$L$2:$L$5001,0),"") | P58: =IF(O58="","",INDEX($A$2:$A$5001,O58)) | Q58: =IF(O58="","",INDEX($B$2:$B$5001,O58)) | R58: =IF(O58="","",INDEX($C$2:$C$5001,O58)) | S58: =IF(O58="","",INDEX($D$2:$D$5001,O58)) | T58: =IF(O58="","",INDEX($E$2:$E$5001,O58)) | V58: sample_no | W58: record_id (input) | X58: in_pool | Y58: binary_A | Z58: binary_B | AA58: jointly | AB58: agree
A59: =IF(screen_TA_reviewer_A!$A59="","",screen_TA_reviewer_A!$A59) | B59: =IF(OR($A59="",screen_TA_reviewer_A!$C59=""),"",screen_TA_reviewer_A!$C59) | C59: =IF(OR($A59="",screen_TA_reviewer_B!$C59=""),"",screen_TA_reviewer_B!$C59) | D59: =IF(OR($A59="",screen_TA_reviewer_A!$D59=""),"",screen_TA_reviewer_A!$D59) | E59: =IF(OR($A59="",screen_TA_reviewer_B!$D59=""),"",screen_TA_reviewer_B!$D59) | F59: =IF(AND(B59<>"",C59<>""),1,"") | G59: =IF(F59=1,IF(B59=C59,1,0),"") | H59: =IF(B59="","",IFERROR(VLOOKUP(B59,lst_TA_binary_map_table,2,FALSE),"INVALID")) | I59: =IF(C59="","",IFERROR(VLOOKUP(C59,lst_TA_binary_map_table,2,FALSE),"INVALID")) | J59: =IF(F59=1,IF(H59=I59,1,0),"") | K59: =IF(G59=0,1,"") | L59: =IF(K59=1,COUNTIF($K$2:K59,1),"") | N59: 58 | O59: =IFERROR(MATCH(N59,$L$2:$L$5001,0),"") | P59: =IF(O59="","",INDEX($A$2:$A$5001,O59)) | Q59: =IF(O59="","",INDEX($B$2:$B$5001,O59)) | R59: =IF(O59="","",INDEX($C$2:$C$5001,O59)) | S59: =IF(O59="","",INDEX($D$2:$D$5001,O59)) | T59: =IF(O59="","",INDEX($E$2:$E$5001,O59)) | V59: 1 | X59: =IF(W59="","",IF(ISNUMBER(MATCH(W59,$A$2:$A$5001,0)),1,"NOT IN POOL")) | Y59: =IF(X59<>1,"",INDEX($H$2:$H$5001,MATCH(W59,$A$2:$A$5001,0))) | Z59: =IF(X59<>1,"",INDEX($I$2:$I$5001,MATCH(W59,$A$2:$A$5001,0))) | AA59: =IF(AND(Y59<>"",Z59<>""),1,"") | AB59: =IF(AA59=1,IF(Y59=Z59,1,0),"")
A60: =IF(screen_TA_reviewer_A!$A60="","",screen_TA_reviewer_A!$A60) | B60: =IF(OR($A60="",screen_TA_reviewer_A!$C60=""),"",screen_TA_reviewer_A!$C60) | C60: =IF(OR($A60="",screen_TA_reviewer_B!$C60=""),"",screen_TA_reviewer_B!$C60) | D60: =IF(OR($A60="",screen_TA_reviewer_A!$D60=""),"",screen_TA_reviewer_A!$D60) | E60: =IF(OR($A60="",screen_TA_reviewer_B!$D60=""),"",screen_TA_reviewer_B!$D60) | F60: =IF(AND(B60<>"",C60<>""),1,"") | G60: =IF(F60=1,IF(B60=C60,1,0),"") | H60: =IF(B60="","",IFERROR(VLOOKUP(B60,lst_TA_binary_map_table,2,FALSE),"INVALID")) | I60: =IF(C60="","",IFERROR(VLOOKUP(C60,lst_TA_binary_map_table,2,FALSE),"INVALID")) | J60: =IF(F60=1,IF(H60=I60,1,0),"") | K60: =IF(G60=0,1,"") | L60: =IF(K60=1,COUNTIF($K$2:K60,1),"") | N60: 59 | O60: =IFERROR(MATCH(N60,$L$2:$L$5001,0),"") | P60: =IF(O60="","",INDEX($A$2:$A$5001,O60)) | Q60: =IF(O60="","",INDEX($B$2:$B$5001,O60)) | R60: =IF(O60="","",INDEX($C$2:$C$5001,O60)) | S60: =IF(O60="","",INDEX($D$2:$D$5001,O60)) | T60: =IF(O60="","",INDEX($E$2:$E$5001,O60)) | V60: 2 | X60: =IF(W60="","",IF(ISNUMBER(MATCH(W60,$A$2:$A$5001,0)),1,"NOT IN POOL")) | Y60: =IF(X60<>1,"",INDEX($H$2:$H$5001,MATCH(W60,$A$2:$A$5001,0))) | Z60: =IF(X60<>1,"",INDEX($I$2:$I$5001,MATCH(W60,$A$2:$A$5001,0))) | AA60: =IF(AND(Y60<>"",Z60<>""),1,"") | AB60: =IF(AA60=1,IF(Y60=Z60,1,0),"")
A61: =IF(screen_TA_reviewer_A!$A61="","",screen_TA_reviewer_A!$A61) | B61: =IF(OR($A61="",screen_TA_reviewer_A!$C61=""),"",screen_TA_reviewer_A!$C61) | C61: =IF(OR($A61="",screen_TA_reviewer_B!$C61=""),"",screen_TA_reviewer_B!$C61) | D61: =IF(OR($A61="",screen_TA_reviewer_A!$D61=""),"",screen_TA_reviewer_A!$D61) | E61: =IF(OR($A61="",screen_TA_reviewer_B!$D61=""),"",screen_TA_reviewer_B!$D61) | F61: =IF(AND(B61<>"",C61<>""),1,"") | G61: =IF(F61=1,IF(B61=C61,1,0),"") | H61: =IF(B61="","",IFERROR(VLOOKUP(B61,lst_TA_binary_map_table,2,FALSE),"INVALID")) | I61: =IF(C61="","",IFERROR(VLOOKUP(C61,lst_TA_binary_map_table,2,FALSE),"INVALID")) | J61: =IF(F61=1,IF(H61=I61,1,0),"") | K61: =IF(G61=0,1,"") | L61: =IF(K61=1,COUNTIF($K$2:K61,1),"") | N61: 60 | O61: =IFERROR(MATCH(N61,$L$2:$L$5001,0),"") | P61: =IF(O61="","",INDEX($A$2:$A$5001,O61)) | Q61: =IF(O61="","",INDEX($B$2:$B$5001,O61)) | R61: =IF(O61="","",INDEX($C$2:$C$5001,O61)) | S61: =IF(O61="","",INDEX($D$2:$D$5001,O61)) | T61: =IF(O61="","",INDEX($E$2:$E$5001,O61)) | V61: 3 | X61: =IF(W61="","",IF(ISNUMBER(MATCH(W61,$A$2:$A$5001,0)),1,"NOT IN POOL")) | Y61: =IF(X61<>1,"",INDEX($H$2:$H$5001,MATCH(W61,$A$2:$A$5001,0))) | Z61: =IF(X61<>1,"",INDEX($I$2:$I$5001,MATCH(W61,$A$2:$A$5001,0))) | AA61: =IF(AND(Y61<>"",Z61<>""),1,"") | AB61: =IF(AA61=1,IF(Y61=Z61,1,0),"")
A62: =IF(screen_TA_reviewer_A!$A62="","",screen_TA_reviewer_A!$A62) | B62: =IF(OR($A62="",screen_TA_reviewer_A!$C62=""),"",screen_TA_reviewer_A!$C62) | C62: =IF(OR($A62="",screen_TA_reviewer_B!$C62=""),"",screen_TA_reviewer_B!$C62) | D62: =IF(OR($A62="",screen_TA_reviewer_A!$D62=""),"",screen_TA_reviewer_A!$D62) | E62: =IF(OR($A62="",screen_TA_reviewer_B!$D62=""),"",screen_TA_reviewer_B!$D62) | F62: =IF(AND(B62<>"",C62<>""),1,"") | G62: =IF(F62=1,IF(B62=C62,1,0),"") | H62: =IF(B62="","",IFERROR(VLOOKUP(B62,lst_TA_binary_map_table,2,FALSE),"INVALID")) | I62: =IF(C62="","",IFERROR(VLOOKUP(C62,lst_TA_binary_map_table,2,FALSE),"INVALID")) | J62: =IF(F62=1,IF(H62=I62,1,0),"") | K62: =IF(G62=0,1,"") | L62: =IF(K62=1,COUNTIF($K$2:K62,1),"") | N62: 61 | O62: =IFERROR(MATCH(N62,$L$2:$L$5001,0),"") | P62: =IF(O62="","",INDEX($A$2:$A$5001,O62)) | Q62: =IF(O62="","",INDEX($B$2:$B$5001,O62)) | R62: =IF(O62="","",INDEX($C$2:$C$5001,O62)) | S62: =IF(O62="","",INDEX($D$2:$D$5001,O62)) | T62: =IF(O62="","",INDEX($E$2:$E$5001,O62)) | V62: 4 | X62: =IF(W62="","",IF(ISNUMBER(MATCH(W62,$A$2:$A$5001,0)),1,"NOT IN POOL")) | Y62: =IF(X62<>1,"",INDEX($H$2:$H$5001,MATCH(W62,$A$2:$A$5001,0))) | Z62: =IF(X62<>1,"",INDEX($I$2:$I$5001,MATCH(W62,$A$2:$A$5001,0))) | AA62: =IF(AND(Y62<>"",Z62<>""),1,"") | AB62: =IF(AA62=1,IF(Y62=Z62,1,0),"")
A63: =IF(screen_TA_reviewer_A!$A63="","",screen_TA_reviewer_A!$A63) | B63: =IF(OR($A63="",screen_TA_reviewer_A!$C63=""),"",screen_TA_reviewer_A!$C63) | C63: =IF(OR($A63="",screen_TA_reviewer_B!$C63=""),"",screen_TA_reviewer_B!$C63) | D63: =IF(OR($A63="",screen_TA_reviewer_A!$D63=""),"",screen_TA_reviewer_A!$D63) | E63: =IF(OR($A63="",screen_TA_reviewer_B!$D63=""),"",screen_TA_reviewer_B!$D63) | F63: =IF(AND(B63<>"",C63<>""),1,"") | G63: =IF(F63=1,IF(B63=C63,1,0),"") | H63: =IF(B63="","",IFERROR(VLOOKUP(B63,lst_TA_binary_map_table,2,FALSE),"INVALID")) | I63: =IF(C63="","",IFERROR(VLOOKUP(C63,lst_TA_binary_map_table,2,FALSE),"INVALID")) | J63: =IF(F63=1,IF(H63=I63,1,0),"") | K63: =IF(G63=0,1,"") | L63: =IF(K63=1,COUNTIF($K$2:K63,1),"") | N63: 62 | O63: =IFERROR(MATCH(N63,$L$2:$L$5001,0),"") | P63: =IF(O63="","",INDEX($A$2:$A$5001,O63)) | Q63: =IF(O63="","",INDEX($B$2:$B$5001,O63)) | R63: =IF(O63="","",INDEX($C$2:$C$5001,O63)) | S63: =IF(O63="","",INDEX($D$2:$D$5001,O63)) | T63: =IF(O63="","",INDEX($E$2:$E$5001,O63)) | V63: 5 | X63: =IF(W63="","",IF(ISNUMBER(MATCH(W63,$A$2:$A$5001,0)),1,"NOT IN POOL")) | Y63: =IF(X63<>1,"",INDEX($H$2:$H$5001,MATCH(W63,$A$2:$A$5001,0))) | Z63: =IF(X63<>1,"",INDEX($I$2:$I$5001,MATCH(W63,$A$2:$A$5001,0))) | AA63: =IF(AND(Y63<>"",Z63<>""),1,"") | AB63: =IF(AA63=1,IF(Y63=Z63,1,0),"")
A64: =IF(screen_TA_reviewer_A!$A64="","",screen_TA_reviewer_A!$A64) | B64: =IF(OR($A64="",screen_TA_reviewer_A!$C64=""),"",screen_TA_reviewer_A!$C64) | C64: =IF(OR($A64="",screen_TA_reviewer_B!$C64=""),"",screen_TA_reviewer_B!$C64) | D64: =IF(OR($A64="",screen_TA_reviewer_A!$D64=""),"",screen_TA_reviewer_A!$D64) | E64: =IF(OR($A64="",screen_TA_reviewer_B!$D64=""),"",screen_TA_reviewer_B!$D64) | F64: =IF(AND(B64<>"",C64<>""),1,"") | G64: =IF(F64=1,IF(B64=C64,1,0),"") | H64: =IF(B64="","",IFERROR(VLOOKUP(B64,lst_TA_binary_map_table,2,FALSE),"INVALID")) | I64: =IF(C64="","",IFERROR(VLOOKUP(C64,lst_TA_binary_map_table,2,FALSE),"INVALID")) | J64: =IF(F64=1,IF(H64=I64,1,0),"") | K64: =IF(G64=0,1,"") | L64: =IF(K64=1,COUNTIF($K$2:K64,1),"") | N64: 63 | O64: =IFERROR(MATCH(N64,$L$2:$L$5001,0),"") | P64: =IF(O64="","",INDEX($A$2:$A$5001,O64)) | Q64: =IF(O64="","",INDEX($B$2:$B$5001,O64)) | R64: =IF(O64="","",INDEX($C$2:$C$5001,O64)) | S64: =IF(O64="","",INDEX($D$2:$D$5001,O64)) | T64: =IF(O64="","",INDEX($E$2:$E$5001,O64)) | V64: 6 | X64: =IF(W64="","",IF(ISNUMBER(MATCH(W64,$A$2:$A$5001,0)),1,"NOT IN POOL")) | Y64: =IF(X64<>1,"",INDEX($H$2:$H$5001,MATCH(W64,$A$2:$A$5001,0))) | Z64: =IF(X64<>1,"",INDEX($I$2:$I$5001,MATCH(W64,$A$2:$A$5001,0))) | AA64: =IF(AND(Y64<>"",Z64<>""),1,"") | AB64: =IF(AA64=1,IF(Y64=Z64,1,0),"")
A65: =IF(screen_TA_reviewer_A!$A65="","",screen_TA_reviewer_A!$A65) | B65: =IF(OR($A65="",screen_TA_reviewer_A!$C65=""),"",screen_TA_reviewer_A!$C65) | C65: =IF(OR($A65="",screen_TA_reviewer_B!$C65=""),"",screen_TA_reviewer_B!$C65) | D65: =IF(OR($A65="",screen_TA_reviewer_A!$D65=""),"",screen_TA_reviewer_A!$D65) | E65: =IF(OR($A65="",screen_TA_reviewer_B!$D65=""),"",screen_TA_reviewer_B!$D65) | F65: =IF(AND(B65<>"",C65<>""),1,"") | G65: =IF(F65=1,IF(B65=C65,1,0),"") | H65: =IF(B65="","",IFERROR(VLOOKUP(B65,lst_TA_binary_map_table,2,FALSE),"INVALID")) | I65: =IF(C65="","",IFERROR(VLOOKUP(C65,lst_TA_binary_map_table,2,FALSE),"INVALID")) | J65: =IF(F65=1,IF(H65=I65,1,0),"") | K65: =IF(G65=0,1,"") | L65: =IF(K65=1,COUNTIF($K$2:K65,1),"") | N65: 64 | O65: =IFERROR(MATCH(N65,$L$2:$L$5001,0),"") | P65: =IF(O65="","",INDEX($A$2:$A$5001,O65)) | Q65: =IF(O65="","",INDEX($B$2:$B$5001,O65)) | R65: =IF(O65="","",INDEX($C$2:$C$5001,O65)) | S65: =IF(O65="","",INDEX($D$2:$D$5001,O65)) | T65: =IF(O65="","",INDEX($E$2:$E$5001,O65)) | V65: 7 | X65: =IF(W65="","",IF(ISNUMBER(MATCH(W65,$A$2:$A$5001,0)),1,"NOT IN POOL")) | Y65: =IF(X65<>1,"",INDEX($H$2:$H$5001,MATCH(W65,$A$2:$A$5001,0))) | Z65: =IF(X65<>1,"",INDEX($I$2:$I$5001,MATCH(W65,$A$2:$A$5001,0))) | AA65: =IF(AND(Y65<>"",Z65<>""),1,"") | AB65: =IF(AA65=1,IF(Y65=Z65,1,0),"")
A66: =IF(screen_TA_reviewer_A!$A66="","",screen_TA_reviewer_A!$A66) | B66: =IF(OR($A66="",screen_TA_reviewer_A!$C66=""),"",screen_TA_reviewer_A!$C66) | C66: =IF(OR($A66="",screen_TA_reviewer_B!$C66=""),"",screen_TA_reviewer_B!$C66) | D66: =IF(OR($A66="",screen_TA_reviewer_A!$D66=""),"",screen_TA_reviewer_A!$D66) | E66: =IF(OR($A66="",screen_TA_reviewer_B!$D66=""),"",screen_TA_reviewer_B!$D66) | F66: =IF(AND(B66<>"",C66<>""),1,"") | G66: =IF(F66=1,IF(B66=C66,1,0),"") | H66: =IF(B66="","",IFERROR(VLOOKUP(B66,lst_TA_binary_map_table,2,FALSE),"INVALID")) | I66: =IF(C66="","",IFERROR(VLOOKUP(C66,lst_TA_binary_map_table,2,FALSE),"INVALID")) | J66: =IF(F66=1,IF(H66=I66,1,0),"") | K66: =IF(G66=0,1,"") | L66: =IF(K66=1,COUNTIF($K$2:K66,1),"") | N66: 65 | O66: =IFERROR(MATCH(N66,$L$2:$L$5001,0),"") | P66: =IF(O66="","",INDEX($A$2:$A$5001,O66)) | Q66: =IF(O66="","",INDEX($B$2:$B$5001,O66)) | R66: =IF(O66="","",INDEX($C$2:$C$5001,O66)) | S66: =IF(O66="","",INDEX($D$2:$D$5001,O66)) | T66: =IF(O66="","",INDEX($E$2:$E$5001,O66)) | V66: 8 | X66: =IF(W66="","",IF(ISNUMBER(MATCH(W66,$A$2:$A$5001,0)),1,"NOT IN POOL")) | Y66: =IF(X66<>1,"",INDEX($H$2:$H$5001,MATCH(W66,$A$2:$A$5001,0))) | Z66: =IF(X66<>1,"",INDEX($I$2:$I$5001,MATCH(W66,$A$2:$A$5001,0))) | AA66: =IF(AND(Y66<>"",Z66<>""),1,"") | AB66: =IF(AA66=1,IF(Y66=Z66,1,0),"")
A67: =IF(screen_TA_reviewer_A!$A67="","",screen_TA_reviewer_A!$A67) | B67: =IF(OR($A67="",screen_TA_reviewer_A!$C67=""),"",screen_TA_reviewer_A!$C67) | C67: =IF(OR($A67="",screen_TA_reviewer_B!$C67=""),"",screen_TA_reviewer_B!$C67) | D67: =IF(OR($A67="",screen_TA_reviewer_A!$D67=""),"",screen_TA_reviewer_A!$D67) | E67: =IF(OR($A67="",screen_TA_reviewer_B!$D67=""),"",screen_TA_reviewer_B!$D67) | F67: =IF(AND(B67<>"",C67<>""),1,"") | G67: =IF(F67=1,IF(B67=C67,1,0),"") | H67: =IF(B67="","",IFERROR(VLOOKUP(B67,lst_TA_binary_map_table,2,FALSE),"INVALID")) | I67: =IF(C67="","",IFERROR(VLOOKUP(C67,lst_TA_binary_map_table,2,FALSE),"INVALID")) | J67: =IF(F67=1,IF(H67=I67,1,0),"") | K67: =IF(G67=0,1,"") | L67: =IF(K67=1,COUNTIF($K$2:K67,1),"") | N67: 66 | O67: =IFERROR(MATCH(N67,$L$2:$L$5001,0),"") | P67: =IF(O67="","",INDEX($A$2:$A$5001,O67)) | Q67: =IF(O67="","",INDEX($B$2:$B$5001,O67)) | R67: =IF(O67="","",INDEX($C$2:$C$5001,O67)) | S67: =IF(O67="","",INDEX($D$2:$D$5001,O67)) | T67: =IF(O67="","",INDEX($E$2:$E$5001,O67)) | V67: 9 | X67: =IF(W67="","",IF(ISNUMBER(MATCH(W67,$A$2:$A$5001,0)),1,"NOT IN POOL")) | Y67: =IF(X67<>1,"",INDEX($H$2:$H$5001,MATCH(W67,$A$2:$A$5001,0))) | Z67: =IF(X67<>1,"",INDEX($I$2:$I$5001,MATCH(W67,$A$2:$A$5001,0))) | AA67: =IF(AND(Y67<>"",Z67<>""),1,"") | AB67: =IF(AA67=1,IF(Y67=Z67,1,0),"")
A68: =IF(screen_TA_reviewer_A!$A68="","",screen_TA_reviewer_A!$A68) | B68: =IF(OR($A68="",screen_TA_reviewer_A!$C68=""),"",screen_TA_reviewer_A!$C68) | C68: =IF(OR($A68="",screen_TA_reviewer_B!$C68=""),"",screen_TA_reviewer_B!$C68) | D68: =IF(OR($A68="",screen_TA_reviewer_A!$D68=""),"",screen_TA_reviewer_A!$D68) | E68: =IF(OR($A68="",screen_TA_reviewer_B!$D68=""),"",screen_TA_reviewer_B!$D68) | F68: =IF(AND(B68<>"",C68<>""),1,"") | G68: =IF(F68=1,IF(B68=C68,1,0),"") | H68: =IF(B68="","",IFERROR(VLOOKUP(B68,lst_TA_binary_map_table,2,FALSE),"INVALID")) | I68: =IF(C68="","",IFERROR(VLOOKUP(C68,lst_TA_binary_map_table,2,FALSE),"INVALID")) | J68: =IF(F68=1,IF(H68=I68,1,0),"") | K68: =IF(G68=0,1,"") | L68: =IF(K68=1,COUNTIF($K$2:K68,1),"") | N68: 67 | O68: =IFERROR(MATCH(N68,$L$2:$L$5001,0),"") | P68: =IF(O68="","",INDEX($A$2:$A$5001,O68)) | Q68: =IF(O68="","",INDEX($B$2:$B$5001,O68)) | R68: =IF(O68="","",INDEX($C$2:$C$5001,O68)) | S68: =IF(O68="","",INDEX($D$2:$D$5001,O68)) | T68: =IF(O68="","",INDEX($E$2:$E$5001,O68)) | V68: 10 | X68: =IF(W68="","",IF(ISNUMBER(MATCH(W68,$A$2:$A$5001,0)),1,"NOT IN POOL")) | Y68: =IF(X68<>1,"",INDEX($H$2:$H$5001,MATCH(W68,$A$2:$A$5001,0))) | Z68: =IF(X68<>1,"",INDEX($I$2:$I$5001,MATCH(W68,$A$2:$A$5001,0))) | AA68: =IF(AND(Y68<>"",Z68<>""),1,"") | AB68: =IF(AA68=1,IF(Y68=Z68,1,0),"")
A69: =IF(screen_TA_reviewer_A!$A69="","",screen_TA_reviewer_A!$A69) | B69: =IF(OR($A69="",screen_TA_reviewer_A!$C69=""),"",screen_TA_reviewer_A!$C69) | C69: =IF(OR($A69="",screen_TA_reviewer_B!$C69=""),"",screen_TA_reviewer_B!$C69) | D69: =IF(OR($A69="",screen_TA_reviewer_A!$D69=""),"",screen_TA_reviewer_A!$D69) | E69: =IF(OR($A69="",screen_TA_reviewer_B!$D69=""),"",screen_TA_reviewer_B!$D69) | F69: =IF(AND(B69<>"",C69<>""),1,"") | G69: =IF(F69=1,IF(B69=C69,1,0),"") | H69: =IF(B69="","",IFERROR(VLOOKUP(B69,lst_TA_binary_map_table,2,FALSE),"INVALID")) | I69: =IF(C69="","",IFERROR(VLOOKUP(C69,lst_TA_binary_map_table,2,FALSE),"INVALID")) | J69: =IF(F69=1,IF(H69=I69,1,0),"") | K69: =IF(G69=0,1,"") | L69: =IF(K69=1,COUNTIF($K$2:K69,1),"") | N69: 68 | O69: =IFERROR(MATCH(N69,$L$2:$L$5001,0),"") | P69: =IF(O69="","",INDEX($A$2:$A$5001,O69)) | Q69: =IF(O69="","",INDEX($B$2:$B$5001,O69)) | R69: =IF(O69="","",INDEX($C$2:$C$5001,O69)) | S69: =IF(O69="","",INDEX($D$2:$D$5001,O69)) | T69: =IF(O69="","",INDEX($E$2:$E$5001,O69)) | V69: 11 | X69: =IF(W69="","",IF(ISNUMBER(MATCH(W69,$A$2:$A$5001,0)),1,"NOT IN POOL")) | Y69: =IF(X69<>1,"",INDEX($H$2:$H$5001,MATCH(W69,$A$2:$A$5001,0))) | Z69: =IF(X69<>1,"",INDEX($I$2:$I$5001,MATCH(W69,$A$2:$A$5001,0))) | AA69: =IF(AND(Y69<>"",Z69<>""),1,"") | AB69: =IF(AA69=1,IF(Y69=Z69,1,0),"")
A70: =IF(screen_TA_reviewer_A!$A70="","",screen_TA_reviewer_A!$A70) | B70: =IF(OR($A70="",screen_TA_reviewer_A!$C70=""),"",screen_TA_reviewer_A!$C70) | C70: =IF(OR($A70="",screen_TA_reviewer_B!$C70=""),"",screen_TA_reviewer_B!$C70) | D70: =IF(OR($A70="",screen_TA_reviewer_A!$D70=""),"",screen_TA_reviewer_A!$D70) | E70: =IF(OR($A70="",screen_TA_reviewer_B!$D70=""),"",screen_TA_reviewer_B!$D70) | F70: =IF(AND(B70<>"",C70<>""),1,"") | G70: =IF(F70=1,IF(B70=C70,1,0),"") | H70: =IF(B70="","",IFERROR(VLOOKUP(B70,lst_TA_binary_map_table,2,FALSE),"INVALID")) | I70: =IF(C70="","",IFERROR(VLOOKUP(C70,lst_TA_binary_map_table,2,FALSE),"INVALID")) | J70: =IF(F70=1,IF(H70=I70,1,0),"") | K70: =IF(G70=0,1,"") | L70: =IF(K70=1,COUNTIF($K$2:K70,1),"") | N70: 69 | O70: =IFERROR(MATCH(N70,$L$2:$L$5001,0),"") | P70: =IF(O70="","",INDEX($A$2:$A$5001,O70)) | Q70: =IF(O70="","",INDEX($B$2:$B$5001,O70)) | R70: =IF(O70="","",INDEX($C$2:$C$5001,O70)) | S70: =IF(O70="","",INDEX($D$2:$D$5001,O70)) | T70: =IF(O70="","",INDEX($E$2:$E$5001,O70)) | V70: 12 | X70: =IF(W70="","",IF(ISNUMBER(MATCH(W70,$A$2:$A$5001,0)),1,"NOT IN POOL")) | Y70: =IF(X70<>1,"",INDEX($H$2:$H$5001,MATCH(W70,$A$2:$A$5001,0))) | Z70: =IF(X70<>1,"",INDEX($I$2:$I$5001,MATCH(W70,$A$2:$A$5001,0))) | AA70: =IF(AND(Y70<>"",Z70<>""),1,"") | AB70: =IF(AA70=1,IF(Y70=Z70,1,0),"")
... A108: =IF(screen_TA_reviewer_A!$A108="","",screen_TA_reviewer_A!$A108) | B108: =IF(OR($A108="",screen_TA_reviewer_A!$C108=""),"",screen_TA_reviewer_A!$C108) | C108: =IF(OR($A108="",screen_TA_reviewer_B!$C108=""),"",screen_TA_reviewer_B!$C108) | D108: =IF(OR($A108="",screen_TA_reviewer_A!$D108=""),"",screen_TA_reviewer_A!$D108) | E108: =IF(OR($A108="",screen_TA_reviewer_B!$D108=""),"",screen_TA_reviewer_B!$D108) | F108: =IF(AND(B108<>"",C108<>""),1,"") | G108: =IF(F108=1,IF(B108=C108,1,0),"") | H108: =IF(B108="","",IFERROR(VLOOKUP(B108,lst_TA_binary_map_table,2,FALSE),"INVALID")) | I108: =IF(C108="","",IFERROR(VLOOKUP(C108,lst_TA_binary_map_table,2,FALSE),"INVALID")) | J108: =IF(F108=1,IF(H108=I108,1,0),"") | K108: =IF(G108=0,1,"") | L108: =IF(K108=1,COUNTIF($K$2:K108,1),"") | N108: 107 | O108: =IFERROR(MATCH(N108,$L$2:$L$5001,0),"") | P108: =IF(O108="","",INDEX($A$2:$A$5001,O108)) | Q108: =IF(O108="","",INDEX($B$2:$B$5001,O108)) | R108: =IF(O108="","",INDEX($C$2:$C$5001,O108)) | S108: =IF(O108="","",INDEX($D$2:$D$5001,O108)) | T108: =IF(O108="","",INDEX($E$2:$E$5001,O108)) | V108: 50 | X108: =IF(W108="","",IF(ISNUMBER(MATCH(W108,$A$2:$A$5001,0)),1,"NOT IN POOL")) | Y108: =IF(X108<>1,"",INDEX($H$2:$H$5001,MATCH(W108,$A$2:$A$5001,0))) | Z108: =IF(X108<>1,"",INDEX($I$2:$I$5001,MATCH(W108,$A$2:$A$5001,0))) | AA108: =IF(AND(Y108<>"",Z108<>""),1,"") | AB108: =IF(AA108=1,IF(Y108=Z108,1,0),"")
A109: =IF(screen_TA_reviewer_A!$A109="","",screen_TA_reviewer_A!$A109) | B109: =IF(OR($A109="",screen_TA_reviewer_A!$C109=""),"",screen_TA_reviewer_A!$C109) | C109: =IF(OR($A109="",screen_TA_reviewer_B!$C109=""),"",screen_TA_reviewer_B!$C109) | D109: =IF(OR($A109="",screen_TA_reviewer_A!$D109=""),"",screen_TA_reviewer_A!$D109) | E109: =IF(OR($A109="",screen_TA_reviewer_B!$D109=""),"",screen_TA_reviewer_B!$D109) | F109: =IF(AND(B109<>"",C109<>""),1,"") | G109: =IF(F109=1,IF(B109=C109,1,0),"") | H109: =IF(B109="","",IFERROR(VLOOKUP(B109,lst_TA_binary_map_table,2,FALSE),"INVALID")) | I109: =IF(C109="","",IFERROR(VLOOKUP(C109,lst_TA_binary_map_table,2,FALSE),"INVALID")) | J109: =IF(F109=1,IF(H109=I109,1,0),"") | K109: =IF(G109=0,1,"") | L109: =IF(K109=1,COUNTIF($K$2:K109,1),"") | N109: 108 | O109: =IFERROR(MATCH(N109,$L$2:$L$5001,0),"") | P109: =IF(O109="","",INDEX($A$2:$A$5001,O109)) | Q109: =IF(O109="","",INDEX($B$2:$B$5001,O109)) | R109: =IF(O109="","",INDEX($C$2:$C$5001,O109)) | S109: =IF(O109="","",INDEX($D$2:$D$5001,O109)) | T109: =IF(O109="","",INDEX($E$2:$E$5001,O109))
A110: =IF(screen_TA_reviewer_A!$A110="","",screen_TA_reviewer_A!$A110) | B110: =IF(OR($A110="",screen_TA_reviewer_A!$C110=""),"",screen_TA_reviewer_A!$C110) | C110: =IF(OR($A110="",screen_TA_reviewer_B!$C110=""),"",screen_TA_reviewer_B!$C110) | D110: =IF(OR($A110="",screen_TA_reviewer_A!$D110=""),"",screen_TA_reviewer_A!$D110) | E110: =IF(OR($A110="",screen_TA_reviewer_B!$D110=""),"",screen_TA_reviewer_B!$D110) | F110: =IF(AND(B110<>"",C110<>""),1,"") | G110: =IF(F110=1,IF(B110=C110,1,0),"") | H110: =IF(B110="","",IFERROR(VLOOKUP(B110,lst_TA_binary_map_table,2,FALSE),"INVALID")) | I110: =IF(C110="","",IFERROR(VLOOKUP(C110,lst_TA_binary_map_table,2,FALSE),"INVALID")) | J110: =IF(F110=1,IF(H110=I110,1,0),"") | K110: =IF(G110=0,1,"") | L110: =IF(K110=1,COUNTIF($K$2:K110,1),"") | N110: 109 | O110: =IFERROR(MATCH(N110,$L$2:$L$5001,0),"") | P110: =IF(O110="","",INDEX($A$2:$A$5001,O110)) | Q110: =IF(O110="","",INDEX($B$2:$B$5001,O110)) | R110: =IF(O110="","",INDEX($C$2:$C$5001,O110)) | S110: =IF(O110="","",INDEX($D$2:$D$5001,O110)) | T110: =IF(O110="","",INDEX($E$2:$E$5001,O110)) | V110: calibration_50: binary agreement table on the sampled records
A111: =IF(screen_TA_reviewer_A!$A111="","",screen_TA_reviewer_A!$A111) | B111: =IF(OR($A111="",screen_TA_reviewer_A!$C111=""),"",screen_TA_reviewer_A!$C111) | C111: =IF(OR($A111="",screen_TA_reviewer_B!$C111=""),"",screen_TA_reviewer_B!$C111) | D111: =IF(OR($A111="",screen_TA_reviewer_A!$D111=""),"",screen_TA_reviewer_A!$D111) | E111: =IF(OR($A111="",screen_TA_reviewer_B!$D111=""),"",screen_TA_reviewer_B!$D111) | F111: =IF(AND(B111<>"",C111<>""),1,"") | G111: =IF(F111=1,IF(B111=C111,1,0),"") | H111: =IF(B111="","",IFERROR(VLOOKUP(B111,lst_TA_binary_map_table,2,FALSE),"INVALID")) | I111: =IF(C111="","",IFERROR(VLOOKUP(C111,lst_TA_binary_map_table,2,FALSE),"INVALID")) | J111: =IF(F111=1,IF(H111=I111,1,0),"") | K111: =IF(G111=0,1,"") | L111: =IF(K111=1,COUNTIF($K$2:K111,1),"") | N111: 110 | O111: =IFERROR(MATCH(N111,$L$2:$L$5001,0),"") | P111: =IF(O111="","",INDEX($A$2:$A$5001,O111)) | Q111: =IF(O111="","",INDEX($B$2:$B$5001,O111)) | R111: =IF(O111="","",INDEX($C$2:$C$5001,O111)) | S111: =IF(O111="","",INDEX($D$2:$D$5001,O111)) | T111: =IF(O111="","",INDEX($E$2:$E$5001,O111)) | V111: A (rows) \ B (cols) | W111: progress / do not exclude | X111: EXCLUDE_TA | Y111: row total (A)
A112: =IF(screen_TA_reviewer_A!$A112="","",screen_TA_reviewer_A!$A112) | B112: =IF(OR($A112="",screen_TA_reviewer_A!$C112=""),"",screen_TA_reviewer_A!$C112) | C112: =IF(OR($A112="",screen_TA_reviewer_B!$C112=""),"",screen_TA_reviewer_B!$C112) | D112: =IF(OR($A112="",screen_TA_reviewer_A!$D112=""),"",screen_TA_reviewer_A!$D112) | E112: =IF(OR($A112="",screen_TA_reviewer_B!$D112=""),"",screen_TA_reviewer_B!$D112) | F112: =IF(AND(B112<>"",C112<>""),1,"") | G112: =IF(F112=1,IF(B112=C112,1,0),"") | H112: =IF(B112="","",IFERROR(VLOOKUP(B112,lst_TA_binary_map_table,2,FALSE),"INVALID")) | I112: =IF(C112="","",IFERROR(VLOOKUP(C112,lst_TA_binary_map_table,2,FALSE),"INVALID")) | J112: =IF(F112=1,IF(H112=I112,1,0),"") | K112: =IF(G112=0,1,"") | L112: =IF(K112=1,COUNTIF($K$2:K112,1),"") | N112: 111 | O112: =IFERROR(MATCH(N112,$L$2:$L$5001,0),"") | P112: =IF(O112="","",INDEX($A$2:$A$5001,O112)) | Q112: =IF(O112="","",INDEX($B$2:$B$5001,O112)) | R112: =IF(O112="","",INDEX($C$2:$C$5001,O112)) | S112: =IF(O112="","",INDEX($D$2:$D$5001,O112)) | T112: =IF(O112="","",INDEX($E$2:$E$5001,O112)) | V112: progress / do not exclude | W112: =COUNTIFS($Y$59:$Y$108,$V112,$Z$59:$Z$108,W$111) | X112: =COUNTIFS($Y$59:$Y$108,$V112,$Z$59:$Z$108,X$111) | Y112: =SUM(W112:X112)
A113: =IF(screen_TA_reviewer_A!$A113="","",screen_TA_reviewer_A!$A113) | B113: =IF(OR($A113="",screen_TA_reviewer_A!$C113=""),"",screen_TA_reviewer_A!$C113) | C113: =IF(OR($A113="",screen_TA_reviewer_B!$C113=""),"",screen_TA_reviewer_B!$C113) | D113: =IF(OR($A113="",screen_TA_reviewer_A!$D113=""),"",screen_TA_reviewer_A!$D113) | E113: =IF(OR($A113="",screen_TA_reviewer_B!$D113=""),"",screen_TA_reviewer_B!$D113) | F113: =IF(AND(B113<>"",C113<>""),1,"") | G113: =IF(F113=1,IF(B113=C113,1,0),"") | H113: =IF(B113="","",IFERROR(VLOOKUP(B113,lst_TA_binary_map_table,2,FALSE),"INVALID")) | I113: =IF(C113="","",IFERROR(VLOOKUP(C113,lst_TA_binary_map_table,2,FALSE),"INVALID")) | J113: =IF(F113=1,IF(H113=I113,1,0),"") | K113: =IF(G113=0,1,"") | L113: =IF(K113=1,COUNTIF($K$2:K113,1),"") | N113: 112 | O113: =IFERROR(MATCH(N113,$L$2:$L$5001,0),"") | P113: =IF(O113="","",INDEX($A$2:$A$5001,O113)) | Q113: =IF(O113="","",INDEX($B$2:$B$5001,O113)) | R113: =IF(O113="","",INDEX($C$2:$C$5001,O113)) | S113: =IF(O113="","",INDEX($D$2:$D$5001,O113)) | T113: =IF(O113="","",INDEX($E$2:$E$5001,O113)) | V113: EXCLUDE_TA | W113: =COUNTIFS($Y$59:$Y$108,$V113,$Z$59:$Z$108,W$111) | X113: =COUNTIFS($Y$59:$Y$108,$V113,$Z$59:$Z$108,X$111) | Y113: =SUM(W113:X113)
A114: =IF(screen_TA_reviewer_A!$A114="","",screen_TA_reviewer_A!$A114) | B114: =IF(OR($A114="",screen_TA_reviewer_A!$C114=""),"",screen_TA_reviewer_A!$C114) | C114: =IF(OR($A114="",screen_TA_reviewer_B!$C114=""),"",screen_TA_reviewer_B!$C114) | D114: =IF(OR($A114="",screen_TA_reviewer_A!$D114=""),"",screen_TA_reviewer_A!$D114) | E114: =IF(OR($A114="",screen_TA_reviewer_B!$D114=""),"",screen_TA_reviewer_B!$D114) | F114: =IF(AND(B114<>"",C114<>""),1,"") | G114: =IF(F114=1,IF(B114=C114,1,0),"") | H114: =IF(B114="","",IFERROR(VLOOKUP(B114,lst_TA_binary_map_table,2,FALSE),"INVALID")) | I114: =IF(C114="","",IFERROR(VLOOKUP(C114,lst_TA_binary_map_table,2,FALSE),"INVALID")) | J114: =IF(F114=1,IF(H114=I114,1,0),"") | K114: =IF(G114=0,1,"") | L114: =IF(K114=1,COUNTIF($K$2:K114,1),"") | N114: 113 | O114: =IFERROR(MATCH(N114,$L$2:$L$5001,0),"") | P114: =IF(O114="","",INDEX($A$2:$A$5001,O114)) | Q114: =IF(O114="","",INDEX($B$2:$B$5001,O114)) | R114: =IF(O114="","",INDEX($C$2:$C$5001,O114)) | S114: =IF(O114="","",INDEX($D$2:$D$5001,O114)) | T114: =IF(O114="","",INDEX($E$2:$E$5001,O114)) | V114: column total (B) | W114: =SUM(W112:W113) | X114: =SUM(X112:X113) | Y114: =SUM(Y112:Y113)
A115: =IF(screen_TA_reviewer_A!$A115="","",screen_TA_reviewer_A!$A115) | B115: =IF(OR($A115="",screen_TA_reviewer_A!$C115=""),"",screen_TA_reviewer_A!$C115) | C115: =IF(OR($A115="",screen_TA_reviewer_B!$C115=""),"",screen_TA_reviewer_B!$C115) | D115: =IF(OR($A115="",screen_TA_reviewer_A!$D115=""),"",screen_TA_reviewer_A!$D115) | E115: =IF(OR($A115="",screen_TA_reviewer_B!$D115=""),"",screen_TA_reviewer_B!$D115) | F115: =IF(AND(B115<>"",C115<>""),1,"") | G115: =IF(F115=1,IF(B115=C115,1,0),"") | H115: =IF(B115="","",IFERROR(VLOOKUP(B115,lst_TA_binary_map_table,2,FALSE),"INVALID")) | I115: =IF(C115="","",IFERROR(VLOOKUP(C115,lst_TA_binary_map_table,2,FALSE),"INVALID")) | J115: =IF(F115=1,IF(H115=I115,1,0),"") | K115: =IF(G115=0,1,"") | L115: =IF(K115=1,COUNTIF($K$2:K115,1),"") | N115: 114 | O115: =IFERROR(MATCH(N115,$L$2:$L$5001,0),"") | P115: =IF(O115="","",INDEX($A$2:$A$5001,O115)) | Q115: =IF(O115="","",INDEX($B$2:$B$5001,O115)) | R115: =IF(O115="","",INDEX($C$2:$C$5001,O115)) | S115: =IF(O115="","",INDEX($D$2:$D$5001,O115)) | T115: =IF(O115="","",INDEX($E$2:$E$5001,O115)) | V115: n (jointly coded with listed codes) | W115: =Y114
A116: =IF(screen_TA_reviewer_A!$A116="","",screen_TA_reviewer_A!$A116) | B116: =IF(OR($A116="",screen_TA_reviewer_A!$C116=""),"",screen_TA_reviewer_A!$C116) | C116: =IF(OR($A116="",screen_TA_reviewer_B!$C116=""),"",screen_TA_reviewer_B!$C116) | D116: =IF(OR($A116="",screen_TA_reviewer_A!$D116=""),"",screen_TA_reviewer_A!$D116) | E116: =IF(OR($A116="",screen_TA_reviewer_B!$D116=""),"",screen_TA_reviewer_B!$D116) | F116: =IF(AND(B116<>"",C116<>""),1,"") | G116: =IF(F116=1,IF(B116=C116,1,0),"") | H116: =IF(B116="","",IFERROR(VLOOKUP(B116,lst_TA_binary_map_table,2,FALSE),"INVALID")) | I116: =IF(C116="","",IFERROR(VLOOKUP(C116,lst_TA_binary_map_table,2,FALSE),"INVALID")) | J116: =IF(F116=1,IF(H116=I116,1,0),"") | K116: =IF(G116=0,1,"") | L116: =IF(K116=1,COUNTIF($K$2:K116,1),"") | N116: 115 | O116: =IFERROR(MATCH(N116,$L$2:$L$5001,0),"") | P116: =IF(O116="","",INDEX($A$2:$A$5001,O116)) | Q116: =IF(O116="","",INDEX($B$2:$B$5001,O116)) | R116: =IF(O116="","",INDEX($C$2:$C$5001,O116)) | S116: =IF(O116="","",INDEX($D$2:$D$5001,O116)) | T116: =IF(O116="","",INDEX($E$2:$E$5001,O116)) | V116: observed agreements (diagonal) | W116: =SUM(W112,X113)
A117: =IF(screen_TA_reviewer_A!$A117="","",screen_TA_reviewer_A!$A117) | B117: =IF(OR($A117="",screen_TA_reviewer_A!$C117=""),"",screen_TA_reviewer_A!$C117) | C117: =IF(OR($A117="",screen_TA_reviewer_B!$C117=""),"",screen_TA_reviewer_B!$C117) | D117: =IF(OR($A117="",screen_TA_reviewer_A!$D117=""),"",screen_TA_reviewer_A!$D117) | E117: =IF(OR($A117="",screen_TA_reviewer_B!$D117=""),"",screen_TA_reviewer_B!$D117) | F117: =IF(AND(B117<>"",C117<>""),1,"") | G117: =IF(F117=1,IF(B117=C117,1,0),"") | H117: =IF(B117="","",IFERROR(VLOOKUP(B117,lst_TA_binary_map_table,2,FALSE),"INVALID")) | I117: =IF(C117="","",IFERROR(VLOOKUP(C117,lst_TA_binary_map_table,2,FALSE),"INVALID")) | J117: =IF(F117=1,IF(H117=I117,1,0),"") | K117: =IF(G117=0,1,"") | L117: =IF(K117=1,COUNTIF($K$2:K117,1),"") | N117: 116 | O117: =IFERROR(MATCH(N117,$L$2:$L$5001,0),"") | P117: =IF(O117="","",INDEX($A$2:$A$5001,O117)) | Q117: =IF(O117="","",INDEX($B$2:$B$5001,O117)) | R117: =IF(O117="","",INDEX($C$2:$C$5001,O117)) | S117: =IF(O117="","",INDEX($D$2:$D$5001,O117)) | T117: =IF(O117="","",INDEX($E$2:$E$5001,O117)) | V117: raw agreement p_o | W117: =IF(W115=0,"",W116/W115)
A118: =IF(screen_TA_reviewer_A!$A118="","",screen_TA_reviewer_A!$A118) | B118: =IF(OR($A118="",screen_TA_reviewer_A!$C118=""),"",screen_TA_reviewer_A!$C118) | C118: =IF(OR($A118="",screen_TA_reviewer_B!$C118=""),"",screen_TA_reviewer_B!$C118) | D118: =IF(OR($A118="",screen_TA_reviewer_A!$D118=""),"",screen_TA_reviewer_A!$D118) | E118: =IF(OR($A118="",screen_TA_reviewer_B!$D118=""),"",screen_TA_reviewer_B!$D118) | F118: =IF(AND(B118<>"",C118<>""),1,"") | G118: =IF(F118=1,IF(B118=C118,1,0),"") | H118: =IF(B118="","",IFERROR(VLOOKUP(B118,lst_TA_binary_map_table,2,FALSE),"INVALID")) | I118: =IF(C118="","",IFERROR(VLOOKUP(C118,lst_TA_binary_map_table,2,FALSE),"INVALID")) | J118: =IF(F118=1,IF(H118=I118,1,0),"") | K118: =IF(G118=0,1,"") | L118: =IF(K118=1,COUNTIF($K$2:K118,1),"") | N118: 117 | O118: =IFERROR(MATCH(N118,$L$2:$L$5001,0),"") | P118: =IF(O118="","",INDEX($A$2:$A$5001,O118)) | Q118: =IF(O118="","",INDEX($B$2:$B$5001,O118)) | R118: =IF(O118="","",INDEX($C$2:$C$5001,O118)) | S118: =IF(O118="","",INDEX($D$2:$D$5001,O118)) | T118: =IF(O118="","",INDEX($E$2:$E$5001,O118)) | V118: chance agreement p_e | W118: =IF(W115=0,"",(Y112*W114+Y113*X114)/W115^2)
A119: =IF(screen_TA_reviewer_A!$A119="","",screen_TA_reviewer_A!$A119) | B119: =IF(OR($A119="",screen_TA_reviewer_A!$C119=""),"",screen_TA_reviewer_A!$C119) | C119: =IF(OR($A119="",screen_TA_reviewer_B!$C119=""),"",screen_TA_reviewer_B!$C119) | D119: =IF(OR($A119="",screen_TA_reviewer_A!$D119=""),"",screen_TA_reviewer_A!$D119) | E119: =IF(OR($A119="",screen_TA_reviewer_B!$D119=""),"",screen_TA_reviewer_B!$D119) | F119: =IF(AND(B119<>"",C119<>""),1,"") | G119: =IF(F119=1,IF(B119=C119,1,0),"") | H119: =IF(B119="","",IFERROR(VLOOKUP(B119,lst_TA_binary_map_table,2,FALSE),"INVALID")) | I119: =IF(C119="","",IFERROR(VLOOKUP(C119,lst_TA_binary_map_table,2,FALSE),"INVALID")) | J119: =IF(F119=1,IF(H119=I119,1,0),"") | K119: =IF(G119=0,1,"") | L119: =IF(K119=1,COUNTIF($K$2:K119,1),"") | N119: 118 | O119: =IFERROR(MATCH(N119,$L$2:$L$5001,0),"") | P119: =IF(O119="","",INDEX($A$2:$A$5001,O119)) | Q119: =IF(O119="","",INDEX($B$2:$B$5001,O119)) | R119: =IF(O119="","",INDEX($C$2:$C$5001,O119)) | S119: =IF(O119="","",INDEX($D$2:$D$5001,O119)) | T119: =IF(O119="","",INDEX($E$2:$E$5001,O119)) | V119: Cohen's kappa (descriptive) | W119: =IF(W115=0,"",IF(W118=1,"undefined (p_e=1)",(W117-W118)/(1-W118)))
A120: =IF(screen_TA_reviewer_A!$A120="","",screen_TA_reviewer_A!$A120) | B120: =IF(OR($A120="",screen_TA_reviewer_A!$C120=""),"",screen_TA_reviewer_A!$C120) | C120: =IF(OR($A120="",screen_TA_reviewer_B!$C120=""),"",screen_TA_reviewer_B!$C120) | D120: =IF(OR($A120="",screen_TA_reviewer_A!$D120=""),"",screen_TA_reviewer_A!$D120) | E120: =IF(OR($A120="",screen_TA_reviewer_B!$D120=""),"",screen_TA_reviewer_B!$D120) | F120: =IF(AND(B120<>"",C120<>""),1,"") | G120: =IF(F120=1,IF(B120=C120,1,0),"") | H120: =IF(B120="","",IFERROR(VLOOKUP(B120,lst_TA_binary_map_table,2,FALSE),"INVALID")) | I120: =IF(C120="","",IFERROR(VLOOKUP(C120,lst_TA_binary_map_table,2,FALSE),"INVALID")) | J120: =IF(F120=1,IF(H120=I120,1,0),"") | K120: =IF(G120=0,1,"") | L120: =IF(K120=1,COUNTIF($K$2:K120,1),"") | N120: 119 | O120: =IFERROR(MATCH(N120,$L$2:$L$5001,0),"") | P120: =IF(O120="","",INDEX($A$2:$A$5001,O120)) | Q120: =IF(O120="","",INDEX($B$2:$B$5001,O120)) | R120: =IF(O120="","",INDEX($C$2:$C$5001,O120)) | S120: =IF(O120="","",INDEX($D$2:$D$5001,O120)) | T120: =IF(O120="","",INDEX($E$2:$E$5001,O120))
A121: =IF(screen_TA_reviewer_A!$A121="","",screen_TA_reviewer_A!$A121) | B121: =IF(OR($A121="",screen_TA_reviewer_A!$C121=""),"",screen_TA_reviewer_A!$C121) | C121: =IF(OR($A121="",screen_TA_reviewer_B!$C121=""),"",screen_TA_reviewer_B!$C121) | D121: =IF(OR($A121="",screen_TA_reviewer_A!$D121=""),"",screen_TA_reviewer_A!$D121) | E121: =IF(OR($A121="",screen_TA_reviewer_B!$D121=""),"",screen_TA_reviewer_B!$D121) | F121: =IF(AND(B121<>"",C121<>""),1,"") | G121: =IF(F121=1,IF(B121=C121,1,0),"") | H121: =IF(B121="","",IFERROR(VLOOKUP(B121,lst_TA_binary_map_table,2,FALSE),"INVALID")) | I121: =IF(C121="","",IFERROR(VLOOKUP(C121,lst_TA_binary_map_table,2,FALSE),"INVALID")) | J121: =IF(F121=1,IF(H121=I121,1,0),"") | K121: =IF(G121=0,1,"") | L121: =IF(K121=1,COUNTIF($K$2:K121,1),"") | N121: 120 | O121: =IFERROR(MATCH(N121,$L$2:$L$5001,0),"") | P121: =IF(O121="","",INDEX($A$2:$A$5001,O121)) | Q121: =IF(O121="","",INDEX($B$2:$B$5001,O121)) | R121: =IF(O121="","",INDEX($C$2:$C$5001,O121)) | S121: =IF(O121="","",INDEX($D$2:$D$5001,O121)) | T121: =IF(O121="","",INDEX($E$2:$E$5001,O121))
A122: =IF(screen_TA_reviewer_A!$A122="","",screen_TA_reviewer_A!$A122) | B122: =IF(OR($A122="",screen_TA_reviewer_A!$C122=""),"",screen_TA_reviewer_A!$C122) | C122: =IF(OR($A122="",screen_TA_reviewer_B!$C122=""),"",screen_TA_reviewer_B!$C122) | D122: =IF(OR($A122="",screen_TA_reviewer_A!$D122=""),"",screen_TA_reviewer_A!$D122) | E122: =IF(OR($A122="",screen_TA_reviewer_B!$D122=""),"",screen_TA_reviewer_B!$D122) | F122: =IF(AND(B122<>"",C122<>""),1,"") | G122: =IF(F122=1,IF(B122=C122,1,0),"") | H122: =IF(B122="","",IFERROR(VLOOKUP(B122,lst_TA_binary_map_table,2,FALSE),"INVALID")) | I122: =IF(C122="","",IFERROR(VLOOKUP(C122,lst_TA_binary_map_table,2,FALSE),"INVALID")) | J122: =IF(F122=1,IF(H122=I122,1,0),"") | K122: =IF(G122=0,1,"") | L122: =IF(K122=1,COUNTIF($K$2:K122,1),"") | N122: 121 | O122: =IFERROR(MATCH(N122,$L$2:$L$5001,0),"") | P122: =IF(O122="","",INDEX($A$2:$A$5001,O122)) | Q122: =IF(O122="","",INDEX($B$2:$B$5001,O122)) | R122: =IF(O122="","",INDEX($C$2:$C$5001,O122)) | S122: =IF(O122="","",INDEX($D$2:$D$5001,O122)) | T122: =IF(O122="","",INDEX($E$2:$E$5001,O122))
A123: =IF(screen_TA_reviewer_A!$A123="","",screen_TA_reviewer_A!$A123) | B123: =IF(OR($A123="",screen_TA_reviewer_A!$C123=""),"",screen_TA_reviewer_A!$C123) | C123: =IF(OR($A123="",screen_TA_reviewer_B!$C123=""),"",screen_TA_reviewer_B!$C123) | D123: =IF(OR($A123="",screen_TA_reviewer_A!$D123=""),"",screen_TA_reviewer_A!$D123) | E123: =IF(OR($A123="",screen_TA_reviewer_B!$D123=""),"",screen_TA_reviewer_B!$D123) | F123: =IF(AND(B123<>"",C123<>""),1,"") | G123: =IF(F123=1,IF(B123=C123,1,0),"") | H123: =IF(B123="","",IFERROR(VLOOKUP(B123,lst_TA_binary_map_table,2,FALSE),"INVALID")) | I123: =IF(C123="","",IFERROR(VLOOKUP(C123,lst_TA_binary_map_table,2,FALSE),"INVALID")) | J123: =IF(F123=1,IF(H123=I123,1,0),"") | K123: =IF(G123=0,1,"") | L123: =IF(K123=1,COUNTIF($K$2:K123,1),"") | N123: 122 | O123: =IFERROR(MATCH(N123,$L$2:$L$5001,0),"") | P123: =IF(O123="","",INDEX($A$2:$A$5001,O123)) | Q123: =IF(O123="","",INDEX($B$2:$B$5001,O123)) | R123: =IF(O123="","",INDEX($C$2:$C$5001,O123)) | S123: =IF(O123="","",INDEX($D$2:$D$5001,O123)) | T123: =IF(O123="","",INDEX($E$2:$E$5001,O123))
A124: =IF(screen_TA_reviewer_A!$A124="","",screen_TA_reviewer_A!$A124) | B124: =IF(OR($A124="",screen_TA_reviewer_A!$C124=""),"",screen_TA_reviewer_A!$C124) | C124: =IF(OR($A124="",screen_TA_reviewer_B!$C124=""),"",screen_TA_reviewer_B!$C124) | D124: =IF(OR($A124="",screen_TA_reviewer_A!$D124=""),"",screen_TA_reviewer_A!$D124) | E124: =IF(OR($A124="",screen_TA_reviewer_B!$D124=""),"",screen_TA_reviewer_B!$D124) | F124: =IF(AND(B124<>"",C124<>""),1,"") | G124: =IF(F124=1,IF(B124=C124,1,0),"") | H124: =IF(B124="","",IFERROR(VLOOKUP(B124,lst_TA_binary_map_table,2,FALSE),"INVALID")) | I124: =IF(C124="","",IFERROR(VLOOKUP(C124,lst_TA_binary_map_table,2,FALSE),"INVALID")) | J124: =IF(F124=1,IF(H124=I124,1,0),"") | K124: =IF(G124=0,1,"") | L124: =IF(K124=1,COUNTIF($K$2:K124,1),"") | N124: 123 | O124: =IFERROR(MATCH(N124,$L$2:$L$5001,0),"") | P124: =IF(O124="","",INDEX($A$2:$A$5001,O124)) | Q124: =IF(O124="","",INDEX($B$2:$B$5001,O124)) | R124: =IF(O124="","",INDEX($C$2:$C$5001,O124)) | S124: =IF(O124="","",INDEX($D$2:$D$5001,O124)) | T124: =IF(O124="","",INDEX($E$2:$E$5001,O124))
A125: =IF(screen_TA_reviewer_A!$A125="","",screen_TA_reviewer_A!$A125) | B125: =IF(OR($A125="",screen_TA_reviewer_A!$C125=""),"",screen_TA_reviewer_A!$C125) | C125: =IF(OR($A125="",screen_TA_reviewer_B!$C125=""),"",screen_TA_reviewer_B!$C125) | D125: =IF(OR($A125="",screen_TA_reviewer_A!$D125=""),"",screen_TA_reviewer_A!$D125) | E125: =IF(OR($A125="",screen_TA_reviewer_B!$D125=""),"",screen_TA_reviewer_B!$D125) | F125: =IF(AND(B125<>"",C125<>""),1,"") | G125: =IF(F125=1,IF(B125=C125,1,0),"") | H125: =IF(B125="","",IFERROR(VLOOKUP(B125,lst_TA_binary_map_table,2,FALSE),"INVALID")) | I125: =IF(C125="","",IFERROR(VLOOKUP(C125,lst_TA_binary_map_table,2,FALSE),"INVALID")) | J125: =IF(F125=1,IF(H125=I125,1,0),"") | K125: =IF(G125=0,1,"") | L125: =IF(K125=1,COUNTIF($K$2:K125,1),"") | N125: 124 | O125: =IFERROR(MATCH(N125,$L$2:$L$5001,0),"") | P125: =IF(O125="","",INDEX($A$2:$A$5001,O125)) | Q125: =IF(O125="","",INDEX($B$2:$B$5001,O125)) | R125: =IF(O125="","",INDEX($C$2:$C$5001,O125)) | S125: =IF(O125="","",INDEX($D$2:$D$5001,O125)) | T125: =IF(O125="","",INDEX($E$2:$E$5001,O125))
A126: =IF(screen_TA_reviewer_A!$A126="","",screen_TA_reviewer_A!$A126) | B126: =IF(OR($A126="",screen_TA_reviewer_A!$C126=""),"",screen_TA_reviewer_A!$C126) | C126: =IF(OR($A126="",screen_TA_reviewer_B!$C126=""),"",screen_TA_reviewer_B!$C126) | D126: =IF(OR($A126="",screen_TA_reviewer_A!$D126=""),"",screen_TA_reviewer_A!$D126) | E126: =IF(OR($A126="",screen_TA_reviewer_B!$D126=""),"",screen_TA_reviewer_B!$D126) | F126: =IF(AND(B126<>"",C126<>""),1,"") | G126: =IF(F126=1,IF(B126=C126,1,0),"") | H126: =IF(B126="","",IFERROR(VLOOKUP(B126,lst_TA_binary_map_table,2,FALSE),"INVALID")) | I126: =IF(C126="","",IFERROR(VLOOKUP(C126,lst_TA_binary_map_table,2,FALSE),"INVALID")) | J126: =IF(F126=1,IF(H126=I126,1,0),"") | K126: =IF(G126=0,1,"") | L126: =IF(K126=1,COUNTIF($K$2:K126,1),"") | N126: 125 | O126: =IFERROR(MATCH(N126,$L$2:$L$5001,0),"") | P126: =IF(O126="","",INDEX($A$2:$A$5001,O126)) | Q126: =IF(O126="","",INDEX($B$2:$B$5001,O126)) | R126: =IF(O126="","",INDEX($C$2:$C$5001,O126)) | S126: =IF(O126="","",INDEX($D$2:$D$5001,O126)) | T126: =IF(O126="","",INDEX($E$2:$E$5001,O126))
A127: =IF(screen_TA_reviewer_A!$A127="","",screen_TA_reviewer_A!$A127) | B127: =IF(OR($A127="",screen_TA_reviewer_A!$C127=""),"",screen_TA_reviewer_A!$C127) | C127: =IF(OR($A127="",screen_TA_reviewer_B!$C127=""),"",screen_TA_reviewer_B!$C127) | D127: =IF(OR($A127="",screen_TA_reviewer_A!$D127=""),"",screen_TA_reviewer_A!$D127) | E127: =IF(OR($A127="",screen_TA_reviewer_B!$D127=""),"",screen_TA_reviewer_B!$D127) | F127: =IF(AND(B127<>"",C127<>""),1,"") | G127: =IF(F127=1,IF(B127=C127,1,0),"") | H127: =IF(B127="","",IFERROR(VLOOKUP(B127,lst_TA_binary_map_table,2,FALSE),"INVALID")) | I127: =IF(C127="","",IFERROR(VLOOKUP(C127,lst_TA_binary_map_table,2,FALSE),"INVALID")) | J127: =IF(F127=1,IF(H127=I127,1,0),"") | K127: =IF(G127=0,1,"") | L127: =IF(K127=1,COUNTIF($K$2:K127,1),"") | N127: 126 | O127: =IFERROR(MATCH(N127,$L$2:$L$5001,0),"") | P127: =IF(O127="","",INDEX($A$2:$A$5001,O127)) | Q127: =IF(O127="","",INDEX($B$2:$B$5001,O127)) | R127: =IF(O127="","",INDEX($C$2:$C$5001,O127)) | S127: =IF(O127="","",INDEX($D$2:$D$5001,O127)) | T127: =IF(O127="","",INDEX($E$2:$E$5001,O127))
A128: =IF(screen_TA_reviewer_A!$A128="","",screen_TA_reviewer_A!$A128) | B128: =IF(OR($A128="",screen_TA_reviewer_A!$C128=""),"",screen_TA_reviewer_A!$C128) | C128: =IF(OR($A128="",screen_TA_reviewer_B!$C128=""),"",screen_TA_reviewer_B!$C128) | D128: =IF(OR($A128="",screen_TA_reviewer_A!$D128=""),"",screen_TA_reviewer_A!$D128) | E128: =IF(OR($A128="",screen_TA_reviewer_B!$D128=""),"",screen_TA_reviewer_B!$D128) | F128: =IF(AND(B128<>"",C128<>""),1,"") | G128: =IF(F128=1,IF(B128=C128,1,0),"") | H128: =IF(B128="","",IFERROR(VLOOKUP(B128,lst_TA_binary_map_table,2,FALSE),"INVALID")) | I128: =IF(C128="","",IFERROR(VLOOKUP(C128,lst_TA_binary_map_table,2,FALSE),"INVALID")) | J128: =IF(F128=1,IF(H128=I128,1,0),"") | K128: =IF(G128=0,1,"") | L128: =IF(K128=1,COUNTIF($K$2:K128,1),"") | N128: 127 | O128: =IFERROR(MATCH(N128,$L$2:$L$5001,0),"") | P128: =IF(O128="","",INDEX($A$2:$A$5001,O128)) | Q128: =IF(O128="","",INDEX($B$2:$B$5001,O128)) | R128: =IF(O128="","",INDEX($C$2:$C$5001,O128)) | S128: =IF(O128="","",INDEX($D$2:$D$5001,O128)) | T128: =IF(O128="","",INDEX($E$2:$E$5001,O128))
A129: =IF(screen_TA_reviewer_A!$A129="","",screen_TA_reviewer_A!$A129) | B129: =IF(OR($A129="",screen_TA_reviewer_A!$C129=""),"",screen_TA_reviewer_A!$C129) | C129: =IF(OR($A129="",screen_TA_reviewer_B!$C129=""),"",screen_TA_reviewer_B!$C129) | D129: =IF(OR($A129="",screen_TA_reviewer_A!$D129=""),"",screen_TA_reviewer_A!$D129) | E129: =IF(OR($A129="",screen_TA_reviewer_B!$D129=""),"",screen_TA_reviewer_B!$D129) | F129: =IF(AND(B129<>"",C129<>""),1,"") | G129: =IF(F129=1,IF(B129=C129,1,0),"") | H129: =IF(B129="","",IFERROR(VLOOKUP(B129,lst_TA_binary_map_table,2,FALSE),"INVALID")) | I129: =IF(C129="","",IFERROR(VLOOKUP(C129,lst_TA_binary_map_table,2,FALSE),"INVALID")) | J129: =IF(F129=1,IF(H129=I129,1,0),"") | K129: =IF(G129=0,1,"") | L129: =IF(K129=1,COUNTIF($K$2:K129,1),"") | N129: 128 | O129: =IFERROR(MATCH(N129,$L$2:$L$5001,0),"") | P129: =IF(O129="","",INDEX($A$2:$A$5001,O129)) | Q129: =IF(O129="","",INDEX($B$2:$B$5001,O129)) | R129: =IF(O129="","",INDEX($C$2:$C$5001,O129)) | S129: =IF(O129="","",INDEX($D$2:$D$5001,O129)) | T129: =IF(O129="","",INDEX($E$2:$E$5001,O129))
A130: =IF(screen_TA_reviewer_A!$A130="","",screen_TA_reviewer_A!$A130) | B130: =IF(OR($A130="",screen_TA_reviewer_A!$C130=""),"",screen_TA_reviewer_A!$C130) | C130: =IF(OR($A130="",screen_TA_reviewer_B!$C130=""),"",screen_TA_reviewer_B!$C130) | D130: =IF(OR($A130="",screen_TA_reviewer_A!$D130=""),"",screen_TA_reviewer_A!$D130) | E130: =IF(OR($A130="",screen_TA_reviewer_B!$D130=""),"",screen_TA_reviewer_B!$D130) | F130: =IF(AND(B130<>"",C130<>""),1,"") | G130: =IF(F130=1,IF(B130=C130,1,0),"") | H130: =IF(B130="","",IFERROR(VLOOKUP(B130,lst_TA_binary_map_table,2,FALSE),"INVALID")) | I130: =IF(C130="","",IFERROR(VLOOKUP(C130,lst_TA_binary_map_table,2,FALSE),"INVALID")) | J130: =IF(F130=1,IF(H130=I130,1,0),"") | K130: =IF(G130=0,1,"") | L130: =IF(K130=1,COUNTIF($K$2:K130,1),"") | N130: 129 | O130: =IFERROR(MATCH(N130,$L$2:$L$5001,0),"") | P130: =IF(O130="","",INDEX($A$2:$A$5001,O130)) | Q130: =IF(O130="","",INDEX($B$2:$B$5001,O130)) | R130: =IF(O130="","",INDEX($C$2:$C$5001,O130)) | S130: =IF(O130="","",INDEX($D$2:$D$5001,O130)) | T130: =IF(O130="","",INDEX($E$2:$E$5001,O130))
A131: =IF(screen_TA_reviewer_A!$A131="","",screen_TA_reviewer_A!$A131) | B131: =IF(OR($A131="",screen_TA_reviewer_A!$C131=""),"",screen_TA_reviewer_A!$C131) | C131: =IF(OR($A131="",screen_TA_reviewer_B!$C131=""),"",screen_TA_reviewer_B!$C131) | D131: =IF(OR($A131="",screen_TA_reviewer_A!$D131=""),"",screen_TA_reviewer_A!$D131) | E131: =IF(OR($A131="",screen_TA_reviewer_B!$D131=""),"",screen_TA_reviewer_B!$D131) | F131: =IF(AND(B131<>"",C131<>""),1,"") | G131: =IF(F131=1,IF(B131=C131,1,0),"") | H131: =IF(B131="","",IFERROR(VLOOKUP(B131,lst_TA_binary_map_table,2,FALSE),"INVALID")) | I131: =IF(C131="","",IFERROR(VLOOKUP(C131,lst_TA_binary_map_table,2,FALSE),"INVALID")) | J131: =IF(F131=1,IF(H131=I131,1,0),"") | K131: =IF(G131=0,1,"") | L131: =IF(K131=1,COUNTIF($K$2:K131,1),"") | N131: 130 | O131: =IFERROR(MATCH(N131,$L$2:$L$5001,0),"") | P131: =IF(O131="","",INDEX($A$2:$A$5001,O131)) | Q131: =IF(O131="","",INDEX($B$2:$B$5001,O131)) | R131: =IF(O131="","",INDEX($C$2:$C$5001,O131)) | S131: =IF(O131="","",INDEX($D$2:$D$5001,O131)) | T131: =IF(O131="","",INDEX($E$2:$E$5001,O131))
... A1001: =IF(screen_TA_reviewer_A!$A1001="","",screen_TA_reviewer_A!$A1001) | B1001: =IF(OR($A1001="",screen_TA_reviewer_A!$C1001=""),"",screen_TA_reviewer_A!$C1001) | C1001: =IF(OR($A1001="",screen_TA_reviewer_B!$C1001=""),"",screen_TA_reviewer_B!$C1001) | D1001: =IF(OR($A1001="",screen_TA_reviewer_A!$D1001=""),"",screen_TA_reviewer_A!$D1001) | E1001: =IF(OR($A1001="",screen_TA_reviewer_B!$D1001=""),"",screen_TA_reviewer_B!$D1001) | F1001: =IF(AND(B1001<>"",C1001<>""),1,"") | G1001: =IF(F1001=1,IF(B1001=C1001,1,0),"") | H1001: =IF(B1001="","",IFERROR(VLOOKUP(B1001,lst_TA_binary_map_table,2,FALSE),"INVALID")) | I1001: =IF(C1001="","",IFERROR(VLOOKUP(C1001,lst_TA_binary_map_table,2,FALSE),"INVALID")) | J1001: =IF(F1001=1,IF(H1001=I1001,1,0),"") | K1001: =IF(G1001=0,1,"") | L1001: =IF(K1001=1,COUNTIF($K$2:K1001,1),"") | N1001: 1000 | O1001: =IFERROR(MATCH(N1001,$L$2:$L$5001,0),"") | P1001: =IF(O1001="","",INDEX($A$2:$A$5001,O1001)) | Q1001: =IF(O1001="","",INDEX($B$2:$B$5001,O1001)) | R1001: =IF(O1001="","",INDEX($C$2:$C$5001,O1001)) | S1001: =IF(O1001="","",INDEX($D$2:$D$5001,O1001)) | T1001: =IF(O1001="","",INDEX($E$2:$E$5001,O1001))
A1002: =IF(screen_TA_reviewer_A!$A1002="","",screen_TA_reviewer_A!$A1002) | B1002: =IF(OR($A1002="",screen_TA_reviewer_A!$C1002=""),"",screen_TA_reviewer_A!$C1002) | C1002: =IF(OR($A1002="",screen_TA_reviewer_B!$C1002=""),"",screen_TA_reviewer_B!$C1002) | D1002: =IF(OR($A1002="",screen_TA_reviewer_A!$D1002=""),"",screen_TA_reviewer_A!$D1002) | E1002: =IF(OR($A1002="",screen_TA_reviewer_B!$D1002=""),"",screen_TA_reviewer_B!$D1002) | F1002: =IF(AND(B1002<>"",C1002<>""),1,"") | G1002: =IF(F1002=1,IF(B1002=C1002,1,0),"") | H1002: =IF(B1002="","",IFERROR(VLOOKUP(B1002,lst_TA_binary_map_table,2,FALSE),"INVALID")) | I1002: =IF(C1002="","",IFERROR(VLOOKUP(C1002,lst_TA_binary_map_table,2,FALSE),"INVALID")) | J1002: =IF(F1002=1,IF(H1002=I1002,1,0),"") | K1002: =IF(G1002=0,1,"") | L1002: =IF(K1002=1,COUNTIF($K$2:K1002,1),"")
A1003: =IF(screen_TA_reviewer_A!$A1003="","",screen_TA_reviewer_A!$A1003) | B1003: =IF(OR($A1003="",screen_TA_reviewer_A!$C1003=""),"",screen_TA_reviewer_A!$C1003) | C1003: =IF(OR($A1003="",screen_TA_reviewer_B!$C1003=""),"",screen_TA_reviewer_B!$C1003) | D1003: =IF(OR($A1003="",screen_TA_reviewer_A!$D1003=""),"",screen_TA_reviewer_A!$D1003) | E1003: =IF(OR($A1003="",screen_TA_reviewer_B!$D1003=""),"",screen_TA_reviewer_B!$D1003) | F1003: =IF(AND(B1003<>"",C1003<>""),1,"") | G1003: =IF(F1003=1,IF(B1003=C1003,1,0),"") | H1003: =IF(B1003="","",IFERROR(VLOOKUP(B1003,lst_TA_binary_map_table,2,FALSE),"INVALID")) | I1003: =IF(C1003="","",IFERROR(VLOOKUP(C1003,lst_TA_binary_map_table,2,FALSE),"INVALID")) | J1003: =IF(F1003=1,IF(H1003=I1003,1,0),"") | K1003: =IF(G1003=0,1,"") | L1003: =IF(K1003=1,COUNTIF($K$2:K1003,1),"")
A1004: =IF(screen_TA_reviewer_A!$A1004="","",screen_TA_reviewer_A!$A1004) | B1004: =IF(OR($A1004="",screen_TA_reviewer_A!$C1004=""),"",screen_TA_reviewer_A!$C1004) | C1004: =IF(OR($A1004="",screen_TA_reviewer_B!$C1004=""),"",screen_TA_reviewer_B!$C1004) | D1004: =IF(OR($A1004="",screen_TA_reviewer_A!$D1004=""),"",screen_TA_reviewer_A!$D1004) | E1004: =IF(OR($A1004="",screen_TA_reviewer_B!$D1004=""),"",screen_TA_reviewer_B!$D1004) | F1004: =IF(AND(B1004<>"",C1004<>""),1,"") | G1004: =IF(F1004=1,IF(B1004=C1004,1,0),"") | H1004: =IF(B1004="","",IFERROR(VLOOKUP(B1004,lst_TA_binary_map_table,2,FALSE),"INVALID")) | I1004: =IF(C1004="","",IFERROR(VLOOKUP(C1004,lst_TA_binary_map_table,2,FALSE),"INVALID")) | J1004: =IF(F1004=1,IF(H1004=I1004,1,0),"") | K1004: =IF(G1004=0,1,"") | L1004: =IF(K1004=1,COUNTIF($K$2:K1004,1),"")
A1005: =IF(screen_TA_reviewer_A!$A1005="","",screen_TA_reviewer_A!$A1005) | B1005: =IF(OR($A1005="",screen_TA_reviewer_A!$C1005=""),"",screen_TA_reviewer_A!$C1005) | C1005: =IF(OR($A1005="",screen_TA_reviewer_B!$C1005=""),"",screen_TA_reviewer_B!$C1005) | D1005: =IF(OR($A1005="",screen_TA_reviewer_A!$D1005=""),"",screen_TA_reviewer_A!$D1005) | E1005: =IF(OR($A1005="",screen_TA_reviewer_B!$D1005=""),"",screen_TA_reviewer_B!$D1005) | F1005: =IF(AND(B1005<>"",C1005<>""),1,"") | G1005: =IF(F1005=1,IF(B1005=C1005,1,0),"") | H1005: =IF(B1005="","",IFERROR(VLOOKUP(B1005,lst_TA_binary_map_table,2,FALSE),"INVALID")) | I1005: =IF(C1005="","",IFERROR(VLOOKUP(C1005,lst_TA_binary_map_table,2,FALSE),"INVALID")) | J1005: =IF(F1005=1,IF(H1005=I1005,1,0),"") | K1005: =IF(G1005=0,1,"") | L1005: =IF(K1005=1,COUNTIF($K$2:K1005,1),"")
A1006: =IF(screen_TA_reviewer_A!$A1006="","",screen_TA_reviewer_A!$A1006) | B1006: =IF(OR($A1006="",screen_TA_reviewer_A!$C1006=""),"",screen_TA_reviewer_A!$C1006) | C1006: =IF(OR($A1006="",screen_TA_reviewer_B!$C1006=""),"",screen_TA_reviewer_B!$C1006) | D1006: =IF(OR($A1006="",screen_TA_reviewer_A!$D1006=""),"",screen_TA_reviewer_A!$D1006) | E1006: =IF(OR($A1006="",screen_TA_reviewer_B!$D1006=""),"",screen_TA_reviewer_B!$D1006) | F1006: =IF(AND(B1006<>"",C1006<>""),1,"") | G1006: =IF(F1006=1,IF(B1006=C1006,1,0),"") | H1006: =IF(B1006="","",IFERROR(VLOOKUP(B1006,lst_TA_binary_map_table,2,FALSE),"INVALID")) | I1006: =IF(C1006="","",IFERROR(VLOOKUP(C1006,lst_TA_binary_map_table,2,FALSE),"INVALID")) | J1006: =IF(F1006=1,IF(H1006=I1006,1,0),"") | K1006: =IF(G1006=0,1,"") | L1006: =IF(K1006=1,COUNTIF($K$2:K1006,1),"")
...

Sheet merge_FT
A1: record_id | B1: decision_A | C1: decision_B | D1: primary_exclusion_code_A | E1: primary_exclusion_code_B | F1: both_decided | G1: exact_agree | H1: group_A | I1: group_B | J1: group_agree | K1: code_agree | L1: conflict | M1: conflict_seq | O1: conflict_no | P1: row_in_table | Q1: record_id | R1: decision_A | S1: decision_B | T1: primary_exclusion_code_A | U1: primary_exclusion_code_B | W1: SUMMARY merge_FT (worksheet formulas; do not edit)
A2: =IF(screen_FT_reviewer_A!$A2="","",screen_FT_reviewer_A!$A2) | B2: =IF(OR($A2="",screen_FT_reviewer_A!$C2=""),"",screen_FT_reviewer_A!$C2) | C2: =IF(OR($A2="",screen_FT_reviewer_B!$C2=""),"",screen_FT_reviewer_B!$C2) | D2: =IF(OR($A2="",screen_FT_reviewer_A!$D2=""),"",screen_FT_reviewer_A!$D2) | E2: =IF(OR($A2="",screen_FT_reviewer_B!$D2=""),"",screen_FT_reviewer_B!$D2) | F2: =IF(AND(B2<>"",C2<>""),1,"") | G2: =IF(F2=1,IF(B2=C2,1,0),"") | H2: =IF(B2="","",IFERROR(VLOOKUP(B2,lst_FT_group_map_table,2,FALSE),"INVALID")) | I2: =IF(C2="","",IFERROR(VLOOKUP(C2,lst_FT_group_map_table,2,FALSE),"INVALID")) | J2: =IF(F2=1,IF(H2=I2,1,0),"") | K2: =IF(AND(ISNUMBER(MATCH(B2,lst_FT_sci_excl,0)),ISNUMBER(MATCH(C2,lst_FT_sci_excl,0))),IF(D2=E2,1,0),"") | L2: =IF(OR(G2=0,K2=0),1,"") | M2: =IF(L2=1,COUNTIF($L$2:L2,1),"") | O2: 1 | P2: =IFERROR(MATCH(O2,$M$2:$M$5001,0),"") | Q2: =IF(P2="","",INDEX($A$2:$A$5001,P2)) | R2: =IF(P2="","",INDEX($B$2:$B$5001,P2)) | S2: =IF(P2="","",INDEX($C$2:$C$5001,P2)) | T2: =IF(P2="","",INDEX($D$2:$D$5001,P2)) | U2: =IF(P2="","",INDEX($E$2:$E$5001,P2)) | W2: Full-text agreement is descriptive; the TA calibration threshold is not reinterpreted as a full-text threshold (calibration_plan.md, Full-text stage).
A3: =IF(screen_FT_reviewer_A!$A3="","",screen_FT_reviewer_A!$A3) | B3: =IF(OR($A3="",screen_FT_reviewer_A!$C3=""),"",screen_FT_reviewer_A!$C3) | C3: =IF(OR($A3="",screen_FT_reviewer_B!$C3=""),"",screen_FT_reviewer_B!$C3) | D3: =IF(OR($A3="",screen_FT_reviewer_A!$D3=""),"",screen_FT_reviewer_A!$D3) | E3: =IF(OR($A3="",screen_FT_reviewer_B!$D3=""),"",screen_FT_reviewer_B!$D3) | F3: =IF(AND(B3<>"",C3<>""),1,"") | G3: =IF(F3=1,IF(B3=C3,1,0),"") | H3: =IF(B3="","",IFERROR(VLOOKUP(B3,lst_FT_group_map_table,2,FALSE),"INVALID")) | I3: =IF(C3="","",IFERROR(VLOOKUP(C3,lst_FT_group_map_table,2,FALSE),"INVALID")) | J3: =IF(F3=1,IF(H3=I3,1,0),"") | K3: =IF(AND(ISNUMBER(MATCH(B3,lst_FT_sci_excl,0)),ISNUMBER(MATCH(C3,lst_FT_sci_excl,0))),IF(D3=E3,1,0),"") | L3: =IF(OR(G3=0,K3=0),1,"") | M3: =IF(L3=1,COUNTIF($L$2:L3,1),"") | O3: 2 | P3: =IFERROR(MATCH(O3,$M$2:$M$5001,0),"") | Q3: =IF(P3="","",INDEX($A$2:$A$5001,P3)) | R3: =IF(P3="","",INDEX($B$2:$B$5001,P3)) | S3: =IF(P3="","",INDEX($C$2:$C$5001,P3)) | T3: =IF(P3="","",INDEX($D$2:$D$5001,P3)) | U3: =IF(P3="","",INDEX($E$2:$E$5001,P3))
A4: =IF(screen_FT_reviewer_A!$A4="","",screen_FT_reviewer_A!$A4) | B4: =IF(OR($A4="",screen_FT_reviewer_A!$C4=""),"",screen_FT_reviewer_A!$C4) | C4: =IF(OR($A4="",screen_FT_reviewer_B!$C4=""),"",screen_FT_reviewer_B!$C4) | D4: =IF(OR($A4="",screen_FT_reviewer_A!$D4=""),"",screen_FT_reviewer_A!$D4) | E4: =IF(OR($A4="",screen_FT_reviewer_B!$D4=""),"",screen_FT_reviewer_B!$D4) | F4: =IF(AND(B4<>"",C4<>""),1,"") | G4: =IF(F4=1,IF(B4=C4,1,0),"") | H4: =IF(B4="","",IFERROR(VLOOKUP(B4,lst_FT_group_map_table,2,FALSE),"INVALID")) | I4: =IF(C4="","",IFERROR(VLOOKUP(C4,lst_FT_group_map_table,2,FALSE),"INVALID")) | J4: =IF(F4=1,IF(H4=I4,1,0),"") | K4: =IF(AND(ISNUMBER(MATCH(B4,lst_FT_sci_excl,0)),ISNUMBER(MATCH(C4,lst_FT_sci_excl,0))),IF(D4=E4,1,0),"") | L4: =IF(OR(G4=0,K4=0),1,"") | M4: =IF(L4=1,COUNTIF($L$2:L4,1),"") | O4: 3 | P4: =IFERROR(MATCH(O4,$M$2:$M$5001,0),"") | Q4: =IF(P4="","",INDEX($A$2:$A$5001,P4)) | R4: =IF(P4="","",INDEX($B$2:$B$5001,P4)) | S4: =IF(P4="","",INDEX($C$2:$C$5001,P4)) | T4: =IF(P4="","",INDEX($D$2:$D$5001,P4)) | U4: =IF(P4="","",INDEX($E$2:$E$5001,P4)) | W4: records in records_master (non-blank record_id) | X4: =SUMPRODUCT(--(records_master!$A$2:$A$5001<>""))
A5: =IF(screen_FT_reviewer_A!$A5="","",screen_FT_reviewer_A!$A5) | B5: =IF(OR($A5="",screen_FT_reviewer_A!$C5=""),"",screen_FT_reviewer_A!$C5) | C5: =IF(OR($A5="",screen_FT_reviewer_B!$C5=""),"",screen_FT_reviewer_B!$C5) | D5: =IF(OR($A5="",screen_FT_reviewer_A!$D5=""),"",screen_FT_reviewer_A!$D5) | E5: =IF(OR($A5="",screen_FT_reviewer_B!$D5=""),"",screen_FT_reviewer_B!$D5) | F5: =IF(AND(B5<>"",C5<>""),1,"") | G5: =IF(F5=1,IF(B5=C5,1,0),"") | H5: =IF(B5="","",IFERROR(VLOOKUP(B5,lst_FT_group_map_table,2,FALSE),"INVALID")) | I5: =IF(C5="","",IFERROR(VLOOKUP(C5,lst_FT_group_map_table,2,FALSE),"INVALID")) | J5: =IF(F5=1,IF(H5=I5,1,0),"") | K5: =IF(AND(ISNUMBER(MATCH(B5,lst_FT_sci_excl,0)),ISNUMBER(MATCH(C5,lst_FT_sci_excl,0))),IF(D5=E5,1,0),"") | L5: =IF(OR(G5=0,K5=0),1,"") | M5: =IF(L5=1,COUNTIF($L$2:L5,1),"") | O5: 4 | P5: =IFERROR(MATCH(O5,$M$2:$M$5001,0),"") | Q5: =IF(P5="","",INDEX($A$2:$A$5001,P5)) | R5: =IF(P5="","",INDEX($B$2:$B$5001,P5)) | S5: =IF(P5="","",INDEX($C$2:$C$5001,P5)) | T5: =IF(P5="","",INDEX($D$2:$D$5001,P5)) | U5: =IF(P5="","",INDEX($E$2:$E$5001,P5)) | W5: records available to screen (duplicates hidden) | X5: =SUMPRODUCT(--($A$2:$A$5001<>""))
A6: =IF(screen_FT_reviewer_A!$A6="","",screen_FT_reviewer_A!$A6) | B6: =IF(OR($A6="",screen_FT_reviewer_A!$C6=""),"",screen_FT_reviewer_A!$C6) | C6: =IF(OR($A6="",screen_FT_reviewer_B!$C6=""),"",screen_FT_reviewer_B!$C6) | D6: =IF(OR($A6="",screen_FT_reviewer_A!$D6=""),"",screen_FT_reviewer_A!$D6) | E6: =IF(OR($A6="",screen_FT_reviewer_B!$D6=""),"",screen_FT_reviewer_B!$D6) | F6: =IF(AND(B6<>"",C6<>""),1,"") | G6: =IF(F6=1,IF(B6=C6,1,0),"") | H6: =IF(B6="","",IFERROR(VLOOKUP(B6,lst_FT_group_map_table,2,FALSE),"INVALID")) | I6: =IF(C6="","",IFERROR(VLOOKUP(C6,lst_FT_group_map_table,2,FALSE),"INVALID")) | J6: =IF(F6=1,IF(H6=I6,1,0),"") | K6: =IF(AND(ISNUMBER(MATCH(B6,lst_FT_sci_excl,0)),ISNUMBER(MATCH(C6,lst_FT_sci_excl,0))),IF(D6=E6,1,0),"") | L6: =IF(OR(G6=0,K6=0),1,"") | M6: =IF(L6=1,COUNTIF($L$2:L6,1),"") | O6: 5 | P6: =IFERROR(MATCH(O6,$M$2:$M$5001,0),"") | Q6: =IF(P6="","",INDEX($A$2:$A$5001,P6)) | R6: =IF(P6="","",INDEX($B$2:$B$5001,P6)) | S6: =IF(P6="","",INDEX($C$2:$C$5001,P6)) | T6: =IF(P6="","",INDEX($D$2:$D$5001,P6)) | U6: =IF(P6="","",INDEX($E$2:$E$5001,P6)) | W6: decided by reviewer A | X6: =SUMPRODUCT(--($B$2:$B$5001<>""))
A7: =IF(screen_FT_reviewer_A!$A7="","",screen_FT_reviewer_A!$A7) | B7: =IF(OR($A7="",screen_FT_reviewer_A!$C7=""),"",screen_FT_reviewer_A!$C7) | C7: =IF(OR($A7="",screen_FT_reviewer_B!$C7=""),"",screen_FT_reviewer_B!$C7) | D7: =IF(OR($A7="",screen_FT_reviewer_A!$D7=""),"",screen_FT_reviewer_A!$D7) | E7: =IF(OR($A7="",screen_FT_reviewer_B!$D7=""),"",screen_FT_reviewer_B!$D7) | F7: =IF(AND(B7<>"",C7<>""),1,"") | G7: =IF(F7=1,IF(B7=C7,1,0),"") | H7: =IF(B7="","",IFERROR(VLOOKUP(B7,lst_FT_group_map_table,2,FALSE),"INVALID")) | I7: =IF(C7="","",IFERROR(VLOOKUP(C7,lst_FT_group_map_table,2,FALSE),"INVALID")) | J7: =IF(F7=1,IF(H7=I7,1,0),"") | K7: =IF(AND(ISNUMBER(MATCH(B7,lst_FT_sci_excl,0)),ISNUMBER(MATCH(C7,lst_FT_sci_excl,0))),IF(D7=E7,1,0),"") | L7: =IF(OR(G7=0,K7=0),1,"") | M7: =IF(L7=1,COUNTIF($L$2:L7,1),"") | O7: 6 | P7: =IFERROR(MATCH(O7,$M$2:$M$5001,0),"") | Q7: =IF(P7="","",INDEX($A$2:$A$5001,P7)) | R7: =IF(P7="","",INDEX($B$2:$B$5001,P7)) | S7: =IF(P7="","",INDEX($C$2:$C$5001,P7)) | T7: =IF(P7="","",INDEX($D$2:$D$5001,P7)) | U7: =IF(P7="","",INDEX($E$2:$E$5001,P7)) | W7: decided by reviewer B | X7: =SUMPRODUCT(--($C$2:$C$5001<>""))
A8: =IF(screen_FT_reviewer_A!$A8="","",screen_FT_reviewer_A!$A8) | B8: =IF(OR($A8="",screen_FT_reviewer_A!$C8=""),"",screen_FT_reviewer_A!$C8) | C8: =IF(OR($A8="",screen_FT_reviewer_B!$C8=""),"",screen_FT_reviewer_B!$C8) | D8: =IF(OR($A8="",screen_FT_reviewer_A!$D8=""),"",screen_FT_reviewer_A!$D8) | E8: =IF(OR($A8="",screen_FT_reviewer_B!$D8=""),"",screen_FT_reviewer_B!$D8) | F8: =IF(AND(B8<>"",C8<>""),1,"") | G8: =IF(F8=1,IF(B8=C8,1,0),"") | H8: =IF(B8="","",IFERROR(VLOOKUP(B8,lst_FT_group_map_table,2,FALSE),"INVALID")) | I8: =IF(C8="","",IFERROR(VLOOKUP(C8,lst_FT_group_map_table,2,FALSE),"INVALID")) | J8: =IF(F8=1,IF(H8=I8,1,0),"") | K8: =IF(AND(ISNUMBER(MATCH(B8,lst_FT_sci_excl,0)),ISNUMBER(MATCH(C8,lst_FT_sci_excl,0))),IF(D8=E8,1,0),"") | L8: =IF(OR(G8=0,K8=0),1,"") | M8: =IF(L8=1,COUNTIF($L$2:L8,1),"") | O8: 7 | P8: =IFERROR(MATCH(O8,$M$2:$M$5001,0),"") | Q8: =IF(P8="","",INDEX($A$2:$A$5001,P8)) | R8: =IF(P8="","",INDEX($B$2:$B$5001,P8)) | S8: =IF(P8="","",INDEX($C$2:$C$5001,P8)) | T8: =IF(P8="","",INDEX($D$2:$D$5001,P8)) | U8: =IF(P8="","",INDEX($E$2:$E$5001,P8)) | W8: jointly decided | X8: =SUM($F$2:$F$5001)
A9: =IF(screen_FT_reviewer_A!$A9="","",screen_FT_reviewer_A!$A9) | B9: =IF(OR($A9="",screen_FT_reviewer_A!$C9=""),"",screen_FT_reviewer_A!$C9) | C9: =IF(OR($A9="",screen_FT_reviewer_B!$C9=""),"",screen_FT_reviewer_B!$C9) | D9: =IF(OR($A9="",screen_FT_reviewer_A!$D9=""),"",screen_FT_reviewer_A!$D9) | E9: =IF(OR($A9="",screen_FT_reviewer_B!$D9=""),"",screen_FT_reviewer_B!$D9) | F9: =IF(AND(B9<>"",C9<>""),1,"") | G9: =IF(F9=1,IF(B9=C9,1,0),"") | H9: =IF(B9="","",IFERROR(VLOOKUP(B9,lst_FT_group_map_table,2,FALSE),"INVALID")) | I9: =IF(C9="","",IFERROR(VLOOKUP(C9,lst_FT_group_map_table,2,FALSE),"INVALID")) | J9: =IF(F9=1,IF(H9=I9,1,0),"") | K9: =IF(AND(ISNUMBER(MATCH(B9,lst_FT_sci_excl,0)),ISNUMBER(MATCH(C9,lst_FT_sci_excl,0))),IF(D9=E9,1,0),"") | L9: =IF(OR(G9=0,K9=0),1,"") | M9: =IF(L9=1,COUNTIF($L$2:L9,1),"") | O9: 8 | P9: =IFERROR(MATCH(O9,$M$2:$M$5001,0),"") | Q9: =IF(P9="","",INDEX($A$2:$A$5001,P9)) | R9: =IF(P9="","",INDEX($B$2:$B$5001,P9)) | S9: =IF(P9="","",INDEX($C$2:$C$5001,P9)) | T9: =IF(P9="","",INDEX($D$2:$D$5001,P9)) | U9: =IF(P9="","",INDEX($E$2:$E$5001,P9)) | W9: conflicts | X9: =SUM($L$2:$L$5001)
A10: =IF(screen_FT_reviewer_A!$A10="","",screen_FT_reviewer_A!$A10) | B10: =IF(OR($A10="",screen_FT_reviewer_A!$C10=""),"",screen_FT_reviewer_A!$C10) | C10: =IF(OR($A10="",screen_FT_reviewer_B!$C10=""),"",screen_FT_reviewer_B!$C10) | D10: =IF(OR($A10="",screen_FT_reviewer_A!$D10=""),"",screen_FT_reviewer_A!$D10) | E10: =IF(OR($A10="",screen_FT_reviewer_B!$D10=""),"",screen_FT_reviewer_B!$D10) | F10: =IF(AND(B10<>"",C10<>""),1,"") | G10: =IF(F10=1,IF(B10=C10,1,0),"") | H10: =IF(B10="","",IFERROR(VLOOKUP(B10,lst_FT_group_map_table,2,FALSE),"INVALID")) | I10: =IF(C10="","",IFERROR(VLOOKUP(C10,lst_FT_group_map_table,2,FALSE),"INVALID")) | J10: =IF(F10=1,IF(H10=I10,1,0),"") | K10: =IF(AND(ISNUMBER(MATCH(B10,lst_FT_sci_excl,0)),ISNUMBER(MATCH(C10,lst_FT_sci_excl,0))),IF(D10=E10,1,0),"") | L10: =IF(OR(G10=0,K10=0),1,"") | M10: =IF(L10=1,COUNTIF($L$2:L10,1),"") | O10: 9 | P10: =IFERROR(MATCH(O10,$M$2:$M$5001,0),"") | Q10: =IF(P10="","",INDEX($A$2:$A$5001,P10)) | R10: =IF(P10="","",INDEX($B$2:$B$5001,P10)) | S10: =IF(P10="","",INDEX($C$2:$C$5001,P10)) | T10: =IF(P10="","",INDEX($D$2:$D$5001,P10)) | U10: =IF(P10="","",INDEX($E$2:$E$5001,P10)) | W10: values outside the code list (INVALID) | X10: =COUNTIF($H$2:$H$5001,"INVALID")+COUNTIF($I$2:$I$5001,"INVALID")
A11: =IF(screen_FT_reviewer_A!$A11="","",screen_FT_reviewer_A!$A11) | B11: =IF(OR($A11="",screen_FT_reviewer_A!$C11=""),"",screen_FT_reviewer_A!$C11) | C11: =IF(OR($A11="",screen_FT_reviewer_B!$C11=""),"",screen_FT_reviewer_B!$C11) | D11: =IF(OR($A11="",screen_FT_reviewer_A!$D11=""),"",screen_FT_reviewer_A!$D11) | E11: =IF(OR($A11="",screen_FT_reviewer_B!$D11=""),"",screen_FT_reviewer_B!$D11) | F11: =IF(AND(B11<>"",C11<>""),1,"") | G11: =IF(F11=1,IF(B11=C11,1,0),"") | H11: =IF(B11="","",IFERROR(VLOOKUP(B11,lst_FT_group_map_table,2,FALSE),"INVALID")) | I11: =IF(C11="","",IFERROR(VLOOKUP(C11,lst_FT_group_map_table,2,FALSE),"INVALID")) | J11: =IF(F11=1,IF(H11=I11,1,0),"") | K11: =IF(AND(ISNUMBER(MATCH(B11,lst_FT_sci_excl,0)),ISNUMBER(MATCH(C11,lst_FT_sci_excl,0))),IF(D11=E11,1,0),"") | L11: =IF(OR(G11=0,K11=0),1,"") | M11: =IF(L11=1,COUNTIF($L$2:L11,1),"") | O11: 10 | P11: =IFERROR(MATCH(O11,$M$2:$M$5001,0),"") | Q11: =IF(P11="","",INDEX($A$2:$A$5001,P11)) | R11: =IF(P11="","",INDEX($B$2:$B$5001,P11)) | S11: =IF(P11="","",INDEX($C$2:$C$5001,P11)) | T11: =IF(P11="","",INDEX($D$2:$D$5001,P11)) | U11: =IF(P11="","",INDEX($E$2:$E$5001,P11)) | W11: capacity warning | X11: =IF(COUNTA(records_master!$A:$A)-1>5000,"MORE RECORDS THAN FORMULA ROWS (5000): regenerate with --rows",IF(X9>1000,"CONFLICTS EXCEED LIST (1000): filter column conflict",""))
A12: =IF(screen_FT_reviewer_A!$A12="","",screen_FT_reviewer_A!$A12) | B12: =IF(OR($A12="",screen_FT_reviewer_A!$C12=""),"",screen_FT_reviewer_A!$C12) | C12: =IF(OR($A12="",screen_FT_reviewer_B!$C12=""),"",screen_FT_reviewer_B!$C12) | D12: =IF(OR($A12="",screen_FT_reviewer_A!$D12=""),"",screen_FT_reviewer_A!$D12) | E12: =IF(OR($A12="",screen_FT_reviewer_B!$D12=""),"",screen_FT_reviewer_B!$D12) | F12: =IF(AND(B12<>"",C12<>""),1,"") | G12: =IF(F12=1,IF(B12=C12,1,0),"") | H12: =IF(B12="","",IFERROR(VLOOKUP(B12,lst_FT_group_map_table,2,FALSE),"INVALID")) | I12: =IF(C12="","",IFERROR(VLOOKUP(C12,lst_FT_group_map_table,2,FALSE),"INVALID")) | J12: =IF(F12=1,IF(H12=I12,1,0),"") | K12: =IF(AND(ISNUMBER(MATCH(B12,lst_FT_sci_excl,0)),ISNUMBER(MATCH(C12,lst_FT_sci_excl,0))),IF(D12=E12,1,0),"") | L12: =IF(OR(G12=0,K12=0),1,"") | M12: =IF(L12=1,COUNTIF($L$2:L12,1),"") | O12: 11 | P12: =IFERROR(MATCH(O12,$M$2:$M$5001,0),"") | Q12: =IF(P12="","",INDEX($A$2:$A$5001,P12)) | R12: =IF(P12="","",INDEX($B$2:$B$5001,P12)) | S12: =IF(P12="","",INDEX($C$2:$C$5001,P12)) | T12: =IF(P12="","",INDEX($D$2:$D$5001,P12)) | U12: =IF(P12="","",INDEX($E$2:$E$5001,P12))
A13: =IF(screen_FT_reviewer_A!$A13="","",screen_FT_reviewer_A!$A13) | B13: =IF(OR($A13="",screen_FT_reviewer_A!$C13=""),"",screen_FT_reviewer_A!$C13) | C13: =IF(OR($A13="",screen_FT_reviewer_B!$C13=""),"",screen_FT_reviewer_B!$C13) | D13: =IF(OR($A13="",screen_FT_reviewer_A!$D13=""),"",screen_FT_reviewer_A!$D13) | E13: =IF(OR($A13="",screen_FT_reviewer_B!$D13=""),"",screen_FT_reviewer_B!$D13) | F13: =IF(AND(B13<>"",C13<>""),1,"") | G13: =IF(F13=1,IF(B13=C13,1,0),"") | H13: =IF(B13="","",IFERROR(VLOOKUP(B13,lst_FT_group_map_table,2,FALSE),"INVALID")) | I13: =IF(C13="","",IFERROR(VLOOKUP(C13,lst_FT_group_map_table,2,FALSE),"INVALID")) | J13: =IF(F13=1,IF(H13=I13,1,0),"") | K13: =IF(AND(ISNUMBER(MATCH(B13,lst_FT_sci_excl,0)),ISNUMBER(MATCH(C13,lst_FT_sci_excl,0))),IF(D13=E13,1,0),"") | L13: =IF(OR(G13=0,K13=0),1,"") | M13: =IF(L13=1,COUNTIF($L$2:L13,1),"") | O13: 12 | P13: =IFERROR(MATCH(O13,$M$2:$M$5001,0),"") | Q13: =IF(P13="","",INDEX($A$2:$A$5001,P13)) | R13: =IF(P13="","",INDEX($B$2:$B$5001,P13)) | S13: =IF(P13="","",INDEX($C$2:$C$5001,P13)) | T13: =IF(P13="","",INDEX($D$2:$D$5001,P13)) | U13: =IF(P13="","",INDEX($E$2:$E$5001,P13)) | W13: Counts per reviewer (all decided records) | X13: reviewer A | Y13: reviewer B
A14: =IF(screen_FT_reviewer_A!$A14="","",screen_FT_reviewer_A!$A14) | B14: =IF(OR($A14="",screen_FT_reviewer_A!$C14=""),"",screen_FT_reviewer_A!$C14) | C14: =IF(OR($A14="",screen_FT_reviewer_B!$C14=""),"",screen_FT_reviewer_B!$C14) | D14: =IF(OR($A14="",screen_FT_reviewer_A!$D14=""),"",screen_FT_reviewer_A!$D14) | E14: =IF(OR($A14="",screen_FT_reviewer_B!$D14=""),"",screen_FT_reviewer_B!$D14) | F14: =IF(AND(B14<>"",C14<>""),1,"") | G14: =IF(F14=1,IF(B14=C14,1,0),"") | H14: =IF(B14="","",IFERROR(VLOOKUP(B14,lst_FT_group_map_table,2,FALSE),"INVALID")) | I14: =IF(C14="","",IFERROR(VLOOKUP(C14,lst_FT_group_map_table,2,FALSE),"INVALID")) | J14: =IF(F14=1,IF(H14=I14,1,0),"") | K14: =IF(AND(ISNUMBER(MATCH(B14,lst_FT_sci_excl,0)),ISNUMBER(MATCH(C14,lst_FT_sci_excl,0))),IF(D14=E14,1,0),"") | L14: =IF(OR(G14=0,K14=0),1,"") | M14: =IF(L14=1,COUNTIF($L$2:L14,1),"") | O14: 13 | P14: =IFERROR(MATCH(O14,$M$2:$M$5001,0),"") | Q14: =IF(P14="","",INDEX($A$2:$A$5001,P14)) | R14: =IF(P14="","",INDEX($B$2:$B$5001,P14)) | S14: =IF(P14="","",INDEX($C$2:$C$5001,P14)) | T14: =IF(P14="","",INDEX($D$2:$D$5001,P14)) | U14: =IF(P14="","",INDEX($E$2:$E$5001,P14)) | W14: FRONTIER_PREPRINT | X14: =COUNTIF($B$2:$B$5001,W14) | Y14: =COUNTIF($C$2:$C$5001,W14)
A15: =IF(screen_FT_reviewer_A!$A15="","",screen_FT_reviewer_A!$A15) | B15: =IF(OR($A15="",screen_FT_reviewer_A!$C15=""),"",screen_FT_reviewer_A!$C15) | C15: =IF(OR($A15="",screen_FT_reviewer_B!$C15=""),"",screen_FT_reviewer_B!$C15) | D15: =IF(OR($A15="",screen_FT_reviewer_A!$D15=""),"",screen_FT_reviewer_A!$D15) | E15: =IF(OR($A15="",screen_FT_reviewer_B!$D15=""),"",screen_FT_reviewer_B!$D15) | F15: =IF(AND(B15<>"",C15<>""),1,"") | G15: =IF(F15=1,IF(B15=C15,1,0),"") | H15: =IF(B15="","",IFERROR(VLOOKUP(B15,lst_FT_group_map_table,2,FALSE),"INVALID")) | I15: =IF(C15="","",IFERROR(VLOOKUP(C15,lst_FT_group_map_table,2,FALSE),"INVALID")) | J15: =IF(F15=1,IF(H15=I15,1,0),"") | K15: =IF(AND(ISNUMBER(MATCH(B15,lst_FT_sci_excl,0)),ISNUMBER(MATCH(C15,lst_FT_sci_excl,0))),IF(D15=E15,1,0),"") | L15: =IF(OR(G15=0,K15=0),1,"") | M15: =IF(L15=1,COUNTIF($L$2:L15,1),"") | O15: 14 | P15: =IFERROR(MATCH(O15,$M$2:$M$5001,0),"") | Q15: =IF(P15="","",INDEX($A$2:$A$5001,P15)) | R15: =IF(P15="","",INDEX($B$2:$B$5001,P15)) | S15: =IF(P15="","",INDEX($C$2:$C$5001,P15)) | T15: =IF(P15="","",INDEX($D$2:$D$5001,P15)) | U15: =IF(P15="","",INDEX($E$2:$E$5001,P15)) | W15: AWAITING_CLASSIFICATION | X15: =COUNTIF($B$2:$B$5001,W15) | Y15: =COUNTIF($C$2:$C$5001,W15)
A16: =IF(screen_FT_reviewer_A!$A16="","",screen_FT_reviewer_A!$A16) | B16: =IF(OR($A16="",screen_FT_reviewer_A!$C16=""),"",screen_FT_reviewer_A!$C16) | C16: =IF(OR($A16="",screen_FT_reviewer_B!$C16=""),"",screen_FT_reviewer_B!$C16) | D16: =IF(OR($A16="",screen_FT_reviewer_A!$D16=""),"",screen_FT_reviewer_A!$D16) | E16: =IF(OR($A16="",screen_FT_reviewer_B!$D16=""),"",screen_FT_reviewer_B!$D16) | F16: =IF(AND(B16<>"",C16<>""),1,"") | G16: =IF(F16=1,IF(B16=C16,1,0),"") | H16: =IF(B16="","",IFERROR(VLOOKUP(B16,lst_FT_group_map_table,2,FALSE),"INVALID")) | I16: =IF(C16="","",IFERROR(VLOOKUP(C16,lst_FT_group_map_table,2,FALSE),"INVALID")) | J16: =IF(F16=1,IF(H16=I16,1,0),"") | K16: =IF(AND(ISNUMBER(MATCH(B16,lst_FT_sci_excl,0)),ISNUMBER(MATCH(C16,lst_FT_sci_excl,0))),IF(D16=E16,1,0),"") | L16: =IF(OR(G16=0,K16=0),1,"") | M16: =IF(L16=1,COUNTIF($L$2:L16,1),"") | O16: 15 | P16: =IFERROR(MATCH(O16,$M$2:$M$5001,0),"") | Q16: =IF(P16="","",INDEX($A$2:$A$5001,P16)) | R16: =IF(P16="","",INDEX($B$2:$B$5001,P16)) | S16: =IF(P16="","",INDEX($C$2:$C$5001,P16)) | T16: =IF(P16="","",INDEX($D$2:$D$5001,P16)) | U16: =IF(P16="","",INDEX($E$2:$E$5001,P16)) | W16: INCLUDE_A | X16: =COUNTIF($B$2:$B$5001,W16) | Y16: =COUNTIF($C$2:$C$5001,W16)
A17: =IF(screen_FT_reviewer_A!$A17="","",screen_FT_reviewer_A!$A17) | B17: =IF(OR($A17="",screen_FT_reviewer_A!$C17=""),"",screen_FT_reviewer_A!$C17) | C17: =IF(OR($A17="",screen_FT_reviewer_B!$C17=""),"",screen_FT_reviewer_B!$C17) | D17: =IF(OR($A17="",screen_FT_reviewer_A!$D17=""),"",screen_FT_reviewer_A!$D17) | E17: =IF(OR($A17="",screen_FT_reviewer_B!$D17=""),"",screen_FT_reviewer_B!$D17) | F17: =IF(AND(B17<>"",C17<>""),1,"") | G17: =IF(F17=1,IF(B17=C17,1,0),"") | H17: =IF(B17="","",IFERROR(VLOOKUP(B17,lst_FT_group_map_table,2,FALSE),"INVALID")) | I17: =IF(C17="","",IFERROR(VLOOKUP(C17,lst_FT_group_map_table,2,FALSE),"INVALID")) | J17: =IF(F17=1,IF(H17=I17,1,0),"") | K17: =IF(AND(ISNUMBER(MATCH(B17,lst_FT_sci_excl,0)),ISNUMBER(MATCH(C17,lst_FT_sci_excl,0))),IF(D17=E17,1,0),"") | L17: =IF(OR(G17=0,K17=0),1,"") | M17: =IF(L17=1,COUNTIF($L$2:L17,1),"") | O17: 16 | P17: =IFERROR(MATCH(O17,$M$2:$M$5001,0),"") | Q17: =IF(P17="","",INDEX($A$2:$A$5001,P17)) | R17: =IF(P17="","",INDEX($B$2:$B$5001,P17)) | S17: =IF(P17="","",INDEX($C$2:$C$5001,P17)) | T17: =IF(P17="","",INDEX($D$2:$D$5001,P17)) | U17: =IF(P17="","",INDEX($E$2:$E$5001,P17)) | W17: INCLUDE_B | X17: =COUNTIF($B$2:$B$5001,W17) | Y17: =COUNTIF($C$2:$C$5001,W17)
A18: =IF(screen_FT_reviewer_A!$A18="","",screen_FT_reviewer_A!$A18) | B18: =IF(OR($A18="",screen_FT_reviewer_A!$C18=""),"",screen_FT_reviewer_A!$C18) | C18: =IF(OR($A18="",screen_FT_reviewer_B!$C18=""),"",screen_FT_reviewer_B!$C18) | D18: =IF(OR($A18="",screen_FT_reviewer_A!$D18=""),"",screen_FT_reviewer_A!$D18) | E18: =IF(OR($A18="",screen_FT_reviewer_B!$D18=""),"",screen_FT_reviewer_B!$D18) | F18: =IF(AND(B18<>"",C18<>""),1,"") | G18: =IF(F18=1,IF(B18=C18,1,0),"") | H18: =IF(B18="","",IFERROR(VLOOKUP(B18,lst_FT_group_map_table,2,FALSE),"INVALID")) | I18: =IF(C18="","",IFERROR(VLOOKUP(C18,lst_FT_group_map_table,2,FALSE),"INVALID")) | J18: =IF(F18=1,IF(H18=I18,1,0),"") | K18: =IF(AND(ISNUMBER(MATCH(B18,lst_FT_sci_excl,0)),ISNUMBER(MATCH(C18,lst_FT_sci_excl,0))),IF(D18=E18,1,0),"") | L18: =IF(OR(G18=0,K18=0),1,"") | M18: =IF(L18=1,COUNTIF($L$2:L18,1),"") | O18: 17 | P18: =IFERROR(MATCH(O18,$M$2:$M$5001,0),"") | Q18: =IF(P18="","",INDEX($A$2:$A$5001,P18)) | R18: =IF(P18="","",INDEX($B$2:$B$5001,P18)) | S18: =IF(P18="","",INDEX($C$2:$C$5001,P18)) | T18: =IF(P18="","",INDEX($D$2:$D$5001,P18)) | U18: =IF(P18="","",INDEX($E$2:$E$5001,P18)) | W18: INCLUDE_A_AND_B | X18: =COUNTIF($B$2:$B$5001,W18) | Y18: =COUNTIF($C$2:$C$5001,W18)
A19: =IF(screen_FT_reviewer_A!$A19="","",screen_FT_reviewer_A!$A19) | B19: =IF(OR($A19="",screen_FT_reviewer_A!$C19=""),"",screen_FT_reviewer_A!$C19) | C19: =IF(OR($A19="",screen_FT_reviewer_B!$C19=""),"",screen_FT_reviewer_B!$C19) | D19: =IF(OR($A19="",screen_FT_reviewer_A!$D19=""),"",screen_FT_reviewer_A!$D19) | E19: =IF(OR($A19="",screen_FT_reviewer_B!$D19=""),"",screen_FT_reviewer_B!$D19) | F19: =IF(AND(B19<>"",C19<>""),1,"") | G19: =IF(F19=1,IF(B19=C19,1,0),"") | H19: =IF(B19="","",IFERROR(VLOOKUP(B19,lst_FT_group_map_table,2,FALSE),"INVALID")) | I19: =IF(C19="","",IFERROR(VLOOKUP(C19,lst_FT_group_map_table,2,FALSE),"INVALID")) | J19: =IF(F19=1,IF(H19=I19,1,0),"") | K19: =IF(AND(ISNUMBER(MATCH(B19,lst_FT_sci_excl,0)),ISNUMBER(MATCH(C19,lst_FT_sci_excl,0))),IF(D19=E19,1,0),"") | L19: =IF(OR(G19=0,K19=0),1,"") | M19: =IF(L19=1,COUNTIF($L$2:L19,1),"") | O19: 18 | P19: =IFERROR(MATCH(O19,$M$2:$M$5001,0),"") | Q19: =IF(P19="","",INDEX($A$2:$A$5001,P19)) | R19: =IF(P19="","",INDEX($B$2:$B$5001,P19)) | S19: =IF(P19="","",INDEX($C$2:$C$5001,P19)) | T19: =IF(P19="","",INDEX($D$2:$D$5001,P19)) | U19: =IF(P19="","",INDEX($E$2:$E$5001,P19)) | W19: EXCLUDE_FT | X19: =COUNTIF($B$2:$B$5001,W19) | Y19: =COUNTIF($C$2:$C$5001,W19)
A20: =IF(screen_FT_reviewer_A!$A20="","",screen_FT_reviewer_A!$A20) | B20: =IF(OR($A20="",screen_FT_reviewer_A!$C20=""),"",screen_FT_reviewer_A!$C20) | C20: =IF(OR($A20="",screen_FT_reviewer_B!$C20=""),"",screen_FT_reviewer_B!$C20) | D20: =IF(OR($A20="",screen_FT_reviewer_A!$D20=""),"",screen_FT_reviewer_A!$D20) | E20: =IF(OR($A20="",screen_FT_reviewer_B!$D20=""),"",screen_FT_reviewer_B!$D20) | F20: =IF(AND(B20<>"",C20<>""),1,"") | G20: =IF(F20=1,IF(B20=C20,1,0),"") | H20: =IF(B20="","",IFERROR(VLOOKUP(B20,lst_FT_group_map_table,2,FALSE),"INVALID")) | I20: =IF(C20="","",IFERROR(VLOOKUP(C20,lst_FT_group_map_table,2,FALSE),"INVALID")) | J20: =IF(F20=1,IF(H20=I20,1,0),"") | K20: =IF(AND(ISNUMBER(MATCH(B20,lst_FT_sci_excl,0)),ISNUMBER(MATCH(C20,lst_FT_sci_excl,0))),IF(D20=E20,1,0),"") | L20: =IF(OR(G20=0,K20=0),1,"") | M20: =IF(L20=1,COUNTIF($L$2:L20,1),"") | O20: 19 | P20: =IFERROR(MATCH(O20,$M$2:$M$5001,0),"") | Q20: =IF(P20="","",INDEX($A$2:$A$5001,P20)) | R20: =IF(P20="","",INDEX($B$2:$B$5001,P20)) | S20: =IF(P20="","",INDEX($C$2:$C$5001,P20)) | T20: =IF(P20="","",INDEX($D$2:$D$5001,P20)) | U20: =IF(P20="","",INDEX($E$2:$E$5001,P20)) | W20: NOT_RETRIEVED | X20: =COUNTIF($B$2:$B$5001,W20) | Y20: =COUNTIF($C$2:$C$5001,W20)
A21: =IF(screen_FT_reviewer_A!$A21="","",screen_FT_reviewer_A!$A21) | B21: =IF(OR($A21="",screen_FT_reviewer_A!$C21=""),"",screen_FT_reviewer_A!$C21) | C21: =IF(OR($A21="",screen_FT_reviewer_B!$C21=""),"",screen_FT_reviewer_B!$C21) | D21: =IF(OR($A21="",screen_FT_reviewer_A!$D21=""),"",screen_FT_reviewer_A!$D21) | E21: =IF(OR($A21="",screen_FT_reviewer_B!$D21=""),"",screen_FT_reviewer_B!$D21) | F21: =IF(AND(B21<>"",C21<>""),1,"") | G21: =IF(F21=1,IF(B21=C21,1,0),"") | H21: =IF(B21="","",IFERROR(VLOOKUP(B21,lst_FT_group_map_table,2,FALSE),"INVALID")) | I21: =IF(C21="","",IFERROR(VLOOKUP(C21,lst_FT_group_map_table,2,FALSE),"INVALID")) | J21: =IF(F21=1,IF(H21=I21,1,0),"") | K21: =IF(AND(ISNUMBER(MATCH(B21,lst_FT_sci_excl,0)),ISNUMBER(MATCH(C21,lst_FT_sci_excl,0))),IF(D21=E21,1,0),"") | L21: =IF(OR(G21=0,K21=0),1,"") | M21: =IF(L21=1,COUNTIF($L$2:L21,1),"") | O21: 20 | P21: =IFERROR(MATCH(O21,$M$2:$M$5001,0),"") | Q21: =IF(P21="","",INDEX($A$2:$A$5001,P21)) | R21: =IF(P21="","",INDEX($B$2:$B$5001,P21)) | S21: =IF(P21="","",INDEX($C$2:$C$5001,P21)) | T21: =IF(P21="","",INDEX($D$2:$D$5001,P21)) | U21: =IF(P21="","",INDEX($E$2:$E$5001,P21)) | W21: AWAITING_TRANSLATION | X21: =COUNTIF($B$2:$B$5001,W21) | Y21: =COUNTIF($C$2:$C$5001,W21)
A22: =IF(screen_FT_reviewer_A!$A22="","",screen_FT_reviewer_A!$A22) | B22: =IF(OR($A22="",screen_FT_reviewer_A!$C22=""),"",screen_FT_reviewer_A!$C22) | C22: =IF(OR($A22="",screen_FT_reviewer_B!$C22=""),"",screen_FT_reviewer_B!$C22) | D22: =IF(OR($A22="",screen_FT_reviewer_A!$D22=""),"",screen_FT_reviewer_A!$D22) | E22: =IF(OR($A22="",screen_FT_reviewer_B!$D22=""),"",screen_FT_reviewer_B!$D22) | F22: =IF(AND(B22<>"",C22<>""),1,"") | G22: =IF(F22=1,IF(B22=C22,1,0),"") | H22: =IF(B22="","",IFERROR(VLOOKUP(B22,lst_FT_group_map_table,2,FALSE),"INVALID")) | I22: =IF(C22="","",IFERROR(VLOOKUP(C22,lst_FT_group_map_table,2,FALSE),"INVALID")) | J22: =IF(F22=1,IF(H22=I22,1,0),"") | K22: =IF(AND(ISNUMBER(MATCH(B22,lst_FT_sci_excl,0)),ISNUMBER(MATCH(C22,lst_FT_sci_excl,0))),IF(D22=E22,1,0),"") | L22: =IF(OR(G22=0,K22=0),1,"") | M22: =IF(L22=1,COUNTIF($L$2:L22,1),"") | O22: 21 | P22: =IFERROR(MATCH(O22,$M$2:$M$5001,0),"") | Q22: =IF(P22="","",INDEX($A$2:$A$5001,P22)) | R22: =IF(P22="","",INDEX($B$2:$B$5001,P22)) | S22: =IF(P22="","",INDEX($C$2:$C$5001,P22)) | T22: =IF(P22="","",INDEX($D$2:$D$5001,P22)) | U22: =IF(P22="","",INDEX($E$2:$E$5001,P22)) | W22: DUPLICATE_RECORD | X22: =COUNTIF($B$2:$B$5001,W22) | Y22: =COUNTIF($C$2:$C$5001,W22)
A23: =IF(screen_FT_reviewer_A!$A23="","",screen_FT_reviewer_A!$A23) | B23: =IF(OR($A23="",screen_FT_reviewer_A!$C23=""),"",screen_FT_reviewer_A!$C23) | C23: =IF(OR($A23="",screen_FT_reviewer_B!$C23=""),"",screen_FT_reviewer_B!$C23) | D23: =IF(OR($A23="",screen_FT_reviewer_A!$D23=""),"",screen_FT_reviewer_A!$D23) | E23: =IF(OR($A23="",screen_FT_reviewer_B!$D23=""),"",screen_FT_reviewer_B!$D23) | F23: =IF(AND(B23<>"",C23<>""),1,"") | G23: =IF(F23=1,IF(B23=C23,1,0),"") | H23: =IF(B23="","",IFERROR(VLOOKUP(B23,lst_FT_group_map_table,2,FALSE),"INVALID")) | I23: =IF(C23="","",IFERROR(VLOOKUP(C23,lst_FT_group_map_table,2,FALSE),"INVALID")) | J23: =IF(F23=1,IF(H23=I23,1,0),"") | K23: =IF(AND(ISNUMBER(MATCH(B23,lst_FT_sci_excl,0)),ISNUMBER(MATCH(C23,lst_FT_sci_excl,0))),IF(D23=E23,1,0),"") | L23: =IF(OR(G23=0,K23=0),1,"") | M23: =IF(L23=1,COUNTIF($L$2:L23,1),"") | O23: 22 | P23: =IFERROR(MATCH(O23,$M$2:$M$5001,0),"") | Q23: =IF(P23="","",INDEX($A$2:$A$5001,P23)) | R23: =IF(P23="","",INDEX($B$2:$B$5001,P23)) | S23: =IF(P23="","",INDEX($C$2:$C$5001,P23)) | T23: =IF(P23="","",INDEX($D$2:$D$5001,P23)) | U23: =IF(P23="","",INDEX($E$2:$E$5001,P23)) | W23: DUPLICATE_VERSION | X23: =COUNTIF($B$2:$B$5001,W23) | Y23: =COUNTIF($C$2:$C$5001,W23)
A24: =IF(screen_FT_reviewer_A!$A24="","",screen_FT_reviewer_A!$A24) | B24: =IF(OR($A24="",screen_FT_reviewer_A!$C24=""),"",screen_FT_reviewer_A!$C24) | C24: =IF(OR($A24="",screen_FT_reviewer_B!$C24=""),"",screen_FT_reviewer_B!$C24) | D24: =IF(OR($A24="",screen_FT_reviewer_A!$D24=""),"",screen_FT_reviewer_A!$D24) | E24: =IF(OR($A24="",screen_FT_reviewer_B!$D24=""),"",screen_FT_reviewer_B!$D24) | F24: =IF(AND(B24<>"",C24<>""),1,"") | G24: =IF(F24=1,IF(B24=C24,1,0),"") | H24: =IF(B24="","",IFERROR(VLOOKUP(B24,lst_FT_group_map_table,2,FALSE),"INVALID")) | I24: =IF(C24="","",IFERROR(VLOOKUP(C24,lst_FT_group_map_table,2,FALSE),"INVALID")) | J24: =IF(F24=1,IF(H24=I24,1,0),"") | K24: =IF(AND(ISNUMBER(MATCH(B24,lst_FT_sci_excl,0)),ISNUMBER(MATCH(C24,lst_FT_sci_excl,0))),IF(D24=E24,1,0),"") | L24: =IF(OR(G24=0,K24=0),1,"") | M24: =IF(L24=1,COUNTIF($L$2:L24,1),"") | O24: 23 | P24: =IFERROR(MATCH(O24,$M$2:$M$5001,0),"") | Q24: =IF(P24="","",INDEX($A$2:$A$5001,P24)) | R24: =IF(P24="","",INDEX($B$2:$B$5001,P24)) | S24: =IF(P24="","",INDEX($C$2:$C$5001,P24)) | T24: =IF(P24="","",INDEX($D$2:$D$5001,P24)) | U24: =IF(P24="","",INDEX($E$2:$E$5001,P24))
A25: =IF(screen_FT_reviewer_A!$A25="","",screen_FT_reviewer_A!$A25) | B25: =IF(OR($A25="",screen_FT_reviewer_A!$C25=""),"",screen_FT_reviewer_A!$C25) | C25: =IF(OR($A25="",screen_FT_reviewer_B!$C25=""),"",screen_FT_reviewer_B!$C25) | D25: =IF(OR($A25="",screen_FT_reviewer_A!$D25=""),"",screen_FT_reviewer_A!$D25) | E25: =IF(OR($A25="",screen_FT_reviewer_B!$D25=""),"",screen_FT_reviewer_B!$D25) | F25: =IF(AND(B25<>"",C25<>""),1,"") | G25: =IF(F25=1,IF(B25=C25,1,0),"") | H25: =IF(B25="","",IFERROR(VLOOKUP(B25,lst_FT_group_map_table,2,FALSE),"INVALID")) | I25: =IF(C25="","",IFERROR(VLOOKUP(C25,lst_FT_group_map_table,2,FALSE),"INVALID")) | J25: =IF(F25=1,IF(H25=I25,1,0),"") | K25: =IF(AND(ISNUMBER(MATCH(B25,lst_FT_sci_excl,0)),ISNUMBER(MATCH(C25,lst_FT_sci_excl,0))),IF(D25=E25,1,0),"") | L25: =IF(OR(G25=0,K25=0),1,"") | M25: =IF(L25=1,COUNTIF($L$2:L25,1),"") | O25: 24 | P25: =IFERROR(MATCH(O25,$M$2:$M$5001,0),"") | Q25: =IF(P25="","",INDEX($A$2:$A$5001,P25)) | R25: =IF(P25="","",INDEX($B$2:$B$5001,P25)) | S25: =IF(P25="","",INDEX($C$2:$C$5001,P25)) | T25: =IF(P25="","",INDEX($D$2:$D$5001,P25)) | U25: =IF(P25="","",INDEX($E$2:$E$5001,P25)) | W25: Scientific exclusions by primary FT code | X25: reviewer A | Y25: reviewer B
A26: =IF(screen_FT_reviewer_A!$A26="","",screen_FT_reviewer_A!$A26) | B26: =IF(OR($A26="",screen_FT_reviewer_A!$C26=""),"",screen_FT_reviewer_A!$C26) | C26: =IF(OR($A26="",screen_FT_reviewer_B!$C26=""),"",screen_FT_reviewer_B!$C26) | D26: =IF(OR($A26="",screen_FT_reviewer_A!$D26=""),"",screen_FT_reviewer_A!$D26) | E26: =IF(OR($A26="",screen_FT_reviewer_B!$D26=""),"",screen_FT_reviewer_B!$D26) | F26: =IF(AND(B26<>"",C26<>""),1,"") | G26: =IF(F26=1,IF(B26=C26,1,0),"") | H26: =IF(B26="","",IFERROR(VLOOKUP(B26,lst_FT_group_map_table,2,FALSE),"INVALID")) | I26: =IF(C26="","",IFERROR(VLOOKUP(C26,lst_FT_group_map_table,2,FALSE),"INVALID")) | J26: =IF(F26=1,IF(H26=I26,1,0),"") | K26: =IF(AND(ISNUMBER(MATCH(B26,lst_FT_sci_excl,0)),ISNUMBER(MATCH(C26,lst_FT_sci_excl,0))),IF(D26=E26,1,0),"") | L26: =IF(OR(G26=0,K26=0),1,"") | M26: =IF(L26=1,COUNTIF($L$2:L26,1),"") | O26: 25 | P26: =IFERROR(MATCH(O26,$M$2:$M$5001,0),"") | Q26: =IF(P26="","",INDEX($A$2:$A$5001,P26)) | R26: =IF(P26="","",INDEX($B$2:$B$5001,P26)) | S26: =IF(P26="","",INDEX($C$2:$C$5001,P26)) | T26: =IF(P26="","",INDEX($D$2:$D$5001,P26)) | U26: =IF(P26="","",INDEX($E$2:$E$5001,P26)) | W26: FT01_SOURCE_TYPE_NOT_CORE | X26: =COUNTIFS($H$2:$H$5001,"SCIENTIFIC_EXCLUSION",$D$2:$D$5001,W26) | Y26: =COUNTIFS($I$2:$I$5001,"SCIENTIFIC_EXCLUSION",$E$2:$E$5001,W26)
A27: =IF(screen_FT_reviewer_A!$A27="","",screen_FT_reviewer_A!$A27) | B27: =IF(OR($A27="",screen_FT_reviewer_A!$C27=""),"",screen_FT_reviewer_A!$C27) | C27: =IF(OR($A27="",screen_FT_reviewer_B!$C27=""),"",screen_FT_reviewer_B!$C27) | D27: =IF(OR($A27="",screen_FT_reviewer_A!$D27=""),"",screen_FT_reviewer_A!$D27) | E27: =IF(OR($A27="",screen_FT_reviewer_B!$D27=""),"",screen_FT_reviewer_B!$D27) | F27: =IF(AND(B27<>"",C27<>""),1,"") | G27: =IF(F27=1,IF(B27=C27,1,0),"") | H27: =IF(B27="","",IFERROR(VLOOKUP(B27,lst_FT_group_map_table,2,FALSE),"INVALID")) | I27: =IF(C27="","",IFERROR(VLOOKUP(C27,lst_FT_group_map_table,2,FALSE),"INVALID")) | J27: =IF(F27=1,IF(H27=I27,1,0),"") | K27: =IF(AND(ISNUMBER(MATCH(B27,lst_FT_sci_excl,0)),ISNUMBER(MATCH(C27,lst_FT_sci_excl,0))),IF(D27=E27,1,0),"") | L27: =IF(OR(G27=0,K27=0),1,"") | M27: =IF(L27=1,COUNTIF($L$2:L27,1),"") | O27: 26 | P27: =IFERROR(MATCH(O27,$M$2:$M$5001,0),"") | Q27: =IF(P27="","",INDEX($A$2:$A$5001,P27)) | R27: =IF(P27="","",INDEX($B$2:$B$5001,P27)) | S27: =IF(P27="","",INDEX($C$2:$C$5001,P27)) | T27: =IF(P27="","",INDEX($D$2:$D$5001,P27)) | U27: =IF(P27="","",INDEX($E$2:$E$5001,P27)) | W27: FT02_NOT_ORIGINAL_HUMAN_RESEARCH | X27: =COUNTIFS($H$2:$H$5001,"SCIENTIFIC_EXCLUSION",$D$2:$D$5001,W27) | Y27: =COUNTIFS($I$2:$I$5001,"SCIENTIFIC_EXCLUSION",$E$2:$E$5001,W27)
A28: =IF(screen_FT_reviewer_A!$A28="","",screen_FT_reviewer_A!$A28) | B28: =IF(OR($A28="",screen_FT_reviewer_A!$C28=""),"",screen_FT_reviewer_A!$C28) | C28: =IF(OR($A28="",screen_FT_reviewer_B!$C28=""),"",screen_FT_reviewer_B!$C28) | D28: =IF(OR($A28="",screen_FT_reviewer_A!$D28=""),"",screen_FT_reviewer_A!$D28) | E28: =IF(OR($A28="",screen_FT_reviewer_B!$D28=""),"",screen_FT_reviewer_B!$D28) | F28: =IF(AND(B28<>"",C28<>""),1,"") | G28: =IF(F28=1,IF(B28=C28,1,0),"") | H28: =IF(B28="","",IFERROR(VLOOKUP(B28,lst_FT_group_map_table,2,FALSE),"INVALID")) | I28: =IF(C28="","",IFERROR(VLOOKUP(C28,lst_FT_group_map_table,2,FALSE),"INVALID")) | J28: =IF(F28=1,IF(H28=I28,1,0),"") | K28: =IF(AND(ISNUMBER(MATCH(B28,lst_FT_sci_excl,0)),ISNUMBER(MATCH(C28,lst_FT_sci_excl,0))),IF(D28=E28,1,0),"") | L28: =IF(OR(G28=0,K28=0),1,"") | M28: =IF(L28=1,COUNTIF($L$2:L28,1),"") | O28: 27 | P28: =IFERROR(MATCH(O28,$M$2:$M$5001,0),"") | Q28: =IF(P28="","",INDEX($A$2:$A$5001,P28)) | R28: =IF(P28="","",INDEX($B$2:$B$5001,P28)) | S28: =IF(P28="","",INDEX($C$2:$C$5001,P28)) | T28: =IF(P28="","",INDEX($D$2:$D$5001,P28)) | U28: =IF(P28="","",INDEX($E$2:$E$5001,P28)) | W28: FT03_POPULATION_NOT_ELIGIBLE | X28: =COUNTIFS($H$2:$H$5001,"SCIENTIFIC_EXCLUSION",$D$2:$D$5001,W28) | Y28: =COUNTIFS($I$2:$I$5001,"SCIENTIFIC_EXCLUSION",$E$2:$E$5001,W28)
A29: =IF(screen_FT_reviewer_A!$A29="","",screen_FT_reviewer_A!$A29) | B29: =IF(OR($A29="",screen_FT_reviewer_A!$C29=""),"",screen_FT_reviewer_A!$C29) | C29: =IF(OR($A29="",screen_FT_reviewer_B!$C29=""),"",screen_FT_reviewer_B!$C29) | D29: =IF(OR($A29="",screen_FT_reviewer_A!$D29=""),"",screen_FT_reviewer_A!$D29) | E29: =IF(OR($A29="",screen_FT_reviewer_B!$D29=""),"",screen_FT_reviewer_B!$D29) | F29: =IF(AND(B29<>"",C29<>""),1,"") | G29: =IF(F29=1,IF(B29=C29,1,0),"") | H29: =IF(B29="","",IFERROR(VLOOKUP(B29,lst_FT_group_map_table,2,FALSE),"INVALID")) | I29: =IF(C29="","",IFERROR(VLOOKUP(C29,lst_FT_group_map_table,2,FALSE),"INVALID")) | J29: =IF(F29=1,IF(H29=I29,1,0),"") | K29: =IF(AND(ISNUMBER(MATCH(B29,lst_FT_sci_excl,0)),ISNUMBER(MATCH(C29,lst_FT_sci_excl,0))),IF(D29=E29,1,0),"") | L29: =IF(OR(G29=0,K29=0),1,"") | M29: =IF(L29=1,COUNTIF($L$2:L29,1),"") | O29: 28 | P29: =IFERROR(MATCH(O29,$M$2:$M$5001,0),"") | Q29: =IF(P29="","",INDEX($A$2:$A$5001,P29)) | R29: =IF(P29="","",INDEX($B$2:$B$5001,P29)) | S29: =IF(P29="","",INDEX($C$2:$C$5001,P29)) | T29: =IF(P29="","",INDEX($D$2:$D$5001,P29)) | U29: =IF(P29="","",INDEX($E$2:$E$5001,P29)) | W29: FT04_NO_QUALIFYING_EXERCISE_EXPOSURE | X29: =COUNTIFS($H$2:$H$5001,"SCIENTIFIC_EXCLUSION",$D$2:$D$5001,W29) | Y29: =COUNTIFS($I$2:$I$5001,"SCIENTIFIC_EXCLUSION",$E$2:$E$5001,W29)
A30: =IF(screen_FT_reviewer_A!$A30="","",screen_FT_reviewer_A!$A30) | B30: =IF(OR($A30="",screen_FT_reviewer_A!$C30=""),"",screen_FT_reviewer_A!$C30) | C30: =IF(OR($A30="",screen_FT_reviewer_B!$C30=""),"",screen_FT_reviewer_B!$C30) | D30: =IF(OR($A30="",screen_FT_reviewer_A!$D30=""),"",screen_FT_reviewer_A!$D30) | E30: =IF(OR($A30="",screen_FT_reviewer_B!$D30=""),"",screen_FT_reviewer_B!$D30) | F30: =IF(AND(B30<>"",C30<>""),1,"") | G30: =IF(F30=1,IF(B30=C30,1,0),"") | H30: =IF(B30="","",IFERROR(VLOOKUP(B30,lst_FT_group_map_table,2,FALSE),"INVALID")) | I30: =IF(C30="","",IFERROR(VLOOKUP(C30,lst_FT_group_map_table,2,FALSE),"INVALID")) | J30: =IF(F30=1,IF(H30=I30,1,0),"") | K30: =IF(AND(ISNUMBER(MATCH(B30,lst_FT_sci_excl,0)),ISNUMBER(MATCH(C30,lst_FT_sci_excl,0))),IF(D30=E30,1,0),"") | L30: =IF(OR(G30=0,K30=0),1,"") | M30: =IF(L30=1,COUNTIF($L$2:L30,1),"") | O30: 29 | P30: =IFERROR(MATCH(O30,$M$2:$M$5001,0),"") | Q30: =IF(P30="","",INDEX($A$2:$A$5001,P30)) | R30: =IF(P30="","",INDEX($B$2:$B$5001,P30)) | S30: =IF(P30="","",INDEX($C$2:$C$5001,P30)) | T30: =IF(P30="","",INDEX($D$2:$D$5001,P30)) | U30: =IF(P30="","",INDEX($E$2:$E$5001,P30)) | W30: FT05_NO_POST_CESSATION_SAMPLE | X30: =COUNTIFS($H$2:$H$5001,"SCIENTIFIC_EXCLUSION",$D$2:$D$5001,W30) | Y30: =COUNTIFS($I$2:$I$5001,"SCIENTIFIC_EXCLUSION",$E$2:$E$5001,W30)
A31: =IF(screen_FT_reviewer_A!$A31="","",screen_FT_reviewer_A!$A31) | B31: =IF(OR($A31="",screen_FT_reviewer_A!$C31=""),"",screen_FT_reviewer_A!$C31) | C31: =IF(OR($A31="",screen_FT_reviewer_B!$C31=""),"",screen_FT_reviewer_B!$C31) | D31: =IF(OR($A31="",screen_FT_reviewer_A!$D31=""),"",screen_FT_reviewer_A!$D31) | E31: =IF(OR($A31="",screen_FT_reviewer_B!$D31=""),"",screen_FT_reviewer_B!$D31) | F31: =IF(AND(B31<>"",C31<>""),1,"") | G31: =IF(F31=1,IF(B31=C31,1,0),"") | H31: =IF(B31="","",IFERROR(VLOOKUP(B31,lst_FT_group_map_table,2,FALSE),"INVALID")) | I31: =IF(C31="","",IFERROR(VLOOKUP(C31,lst_FT_group_map_table,2,FALSE),"INVALID")) | J31: =IF(F31=1,IF(H31=I31,1,0),"") | K31: =IF(AND(ISNUMBER(MATCH(B31,lst_FT_sci_excl,0)),ISNUMBER(MATCH(C31,lst_FT_sci_excl,0))),IF(D31=E31,1,0),"") | L31: =IF(OR(G31=0,K31=0),1,"") | M31: =IF(L31=1,COUNTIF($L$2:L31,1),"") | O31: 30 | P31: =IFERROR(MATCH(O31,$M$2:$M$5001,0),"") | Q31: =IF(P31="","",INDEX($A$2:$A$5001,P31)) | R31: =IF(P31="","",INDEX($B$2:$B$5001,P31)) | S31: =IF(P31="","",INDEX($C$2:$C$5001,P31)) | T31: =IF(P31="","",INDEX($D$2:$D$5001,P31)) | U31: =IF(P31="","",INDEX($E$2:$E$5001,P31)) | W31: FT06_NO_BASELINE_OR_SUITABLE_COMPARATOR | X31: =COUNTIFS($H$2:$H$5001,"SCIENTIFIC_EXCLUSION",$D$2:$D$5001,W31) | Y31: =COUNTIFS($I$2:$I$5001,"SCIENTIFIC_EXCLUSION",$E$2:$E$5001,W31)
A32: =IF(screen_FT_reviewer_A!$A32="","",screen_FT_reviewer_A!$A32) | B32: =IF(OR($A32="",screen_FT_reviewer_A!$C32=""),"",screen_FT_reviewer_A!$C32) | C32: =IF(OR($A32="",screen_FT_reviewer_B!$C32=""),"",screen_FT_reviewer_B!$C32) | D32: =IF(OR($A32="",screen_FT_reviewer_A!$D32=""),"",screen_FT_reviewer_A!$D32) | E32: =IF(OR($A32="",screen_FT_reviewer_B!$D32=""),"",screen_FT_reviewer_B!$D32) | F32: =IF(AND(B32<>"",C32<>""),1,"") | G32: =IF(F32=1,IF(B32=C32,1,0),"") | H32: =IF(B32="","",IFERROR(VLOOKUP(B32,lst_FT_group_map_table,2,FALSE),"INVALID")) | I32: =IF(C32="","",IFERROR(VLOOKUP(C32,lst_FT_group_map_table,2,FALSE),"INVALID")) | J32: =IF(F32=1,IF(H32=I32,1,0),"") | K32: =IF(AND(ISNUMBER(MATCH(B32,lst_FT_sci_excl,0)),ISNUMBER(MATCH(C32,lst_FT_sci_excl,0))),IF(D32=E32,1,0),"") | L32: =IF(OR(G32=0,K32=0),1,"") | M32: =IF(L32=1,COUNTIF($L$2:L32,1),"") | O32: 31 | P32: =IFERROR(MATCH(O32,$M$2:$M$5001,0),"") | Q32: =IF(P32="","",INDEX($A$2:$A$5001,P32)) | R32: =IF(P32="","",INDEX($B$2:$B$5001,P32)) | S32: =IF(P32="","",INDEX($C$2:$C$5001,P32)) | T32: =IF(P32="","",INDEX($D$2:$D$5001,P32)) | U32: =IF(P32="","",INDEX($E$2:$E$5001,P32)) | W32: FT07_NO_ELIGIBLE_IMMUNE_LINK | X32: =COUNTIFS($H$2:$H$5001,"SCIENTIFIC_EXCLUSION",$D$2:$D$5001,W32) | Y32: =COUNTIFS($I$2:$I$5001,"SCIENTIFIC_EXCLUSION",$E$2:$E$5001,W32)
A33: =IF(screen_FT_reviewer_A!$A33="","",screen_FT_reviewer_A!$A33) | B33: =IF(OR($A33="",screen_FT_reviewer_A!$C33=""),"",screen_FT_reviewer_A!$C33) | C33: =IF(OR($A33="",screen_FT_reviewer_B!$C33=""),"",screen_FT_reviewer_B!$C33) | D33: =IF(OR($A33="",screen_FT_reviewer_A!$D33=""),"",screen_FT_reviewer_A!$D33) | E33: =IF(OR($A33="",screen_FT_reviewer_B!$D33=""),"",screen_FT_reviewer_B!$D33) | F33: =IF(AND(B33<>"",C33<>""),1,"") | G33: =IF(F33=1,IF(B33=C33,1,0),"") | H33: =IF(B33="","",IFERROR(VLOOKUP(B33,lst_FT_group_map_table,2,FALSE),"INVALID")) | I33: =IF(C33="","",IFERROR(VLOOKUP(C33,lst_FT_group_map_table,2,FALSE),"INVALID")) | J33: =IF(F33=1,IF(H33=I33,1,0),"") | K33: =IF(AND(ISNUMBER(MATCH(B33,lst_FT_sci_excl,0)),ISNUMBER(MATCH(C33,lst_FT_sci_excl,0))),IF(D33=E33,1,0),"") | L33: =IF(OR(G33=0,K33=0),1,"") | M33: =IF(L33=1,COUNTIF($L$2:L33,1),"") | O33: 32 | P33: =IFERROR(MATCH(O33,$M$2:$M$5001,0),"") | Q33: =IF(P33="","",INDEX($A$2:$A$5001,P33)) | R33: =IF(P33="","",INDEX($B$2:$B$5001,P33)) | S33: =IF(P33="","",INDEX($C$2:$C$5001,P33)) | T33: =IF(P33="","",INDEX($D$2:$D$5001,P33)) | U33: =IF(P33="","",INDEX($E$2:$E$5001,P33)) | W33: FT08_MIXED_INTERVENTION_NOT_SEPARABLE | X33: =COUNTIFS($H$2:$H$5001,"SCIENTIFIC_EXCLUSION",$D$2:$D$5001,W33) | Y33: =COUNTIFS($I$2:$I$5001,"SCIENTIFIC_EXCLUSION",$E$2:$E$5001,W33)
A34: =IF(screen_FT_reviewer_A!$A34="","",screen_FT_reviewer_A!$A34) | B34: =IF(OR($A34="",screen_FT_reviewer_A!$C34=""),"",screen_FT_reviewer_A!$C34) | C34: =IF(OR($A34="",screen_FT_reviewer_B!$C34=""),"",screen_FT_reviewer_B!$C34) | D34: =IF(OR($A34="",screen_FT_reviewer_A!$D34=""),"",screen_FT_reviewer_A!$D34) | E34: =IF(OR($A34="",screen_FT_reviewer_B!$D34=""),"",screen_FT_reviewer_B!$D34) | F34: =IF(AND(B34<>"",C34<>""),1,"") | G34: =IF(F34=1,IF(B34=C34,1,0),"") | H34: =IF(B34="","",IFERROR(VLOOKUP(B34,lst_FT_group_map_table,2,FALSE),"INVALID")) | I34: =IF(C34="","",IFERROR(VLOOKUP(C34,lst_FT_group_map_table,2,FALSE),"INVALID")) | J34: =IF(F34=1,IF(H34=I34,1,0),"") | K34: =IF(AND(ISNUMBER(MATCH(B34,lst_FT_sci_excl,0)),ISNUMBER(MATCH(C34,lst_FT_sci_excl,0))),IF(D34=E34,1,0),"") | L34: =IF(OR(G34=0,K34=0),1,"") | M34: =IF(L34=1,COUNTIF($L$2:L34,1),"") | O34: 33 | P34: =IFERROR(MATCH(O34,$M$2:$M$5001,0),"") | Q34: =IF(P34="","",INDEX($A$2:$A$5001,P34)) | R34: =IF(P34="","",INDEX($B$2:$B$5001,P34)) | S34: =IF(P34="","",INDEX($C$2:$C$5001,P34)) | T34: =IF(P34="","",INDEX($D$2:$D$5001,P34)) | U34: =IF(P34="","",INDEX($E$2:$E$5001,P34))
A35: =IF(screen_FT_reviewer_A!$A35="","",screen_FT_reviewer_A!$A35) | B35: =IF(OR($A35="",screen_FT_reviewer_A!$C35=""),"",screen_FT_reviewer_A!$C35) | C35: =IF(OR($A35="",screen_FT_reviewer_B!$C35=""),"",screen_FT_reviewer_B!$C35) | D35: =IF(OR($A35="",screen_FT_reviewer_A!$D35=""),"",screen_FT_reviewer_A!$D35) | E35: =IF(OR($A35="",screen_FT_reviewer_B!$D35=""),"",screen_FT_reviewer_B!$D35) | F35: =IF(AND(B35<>"",C35<>""),1,"") | G35: =IF(F35=1,IF(B35=C35,1,0),"") | H35: =IF(B35="","",IFERROR(VLOOKUP(B35,lst_FT_group_map_table,2,FALSE),"INVALID")) | I35: =IF(C35="","",IFERROR(VLOOKUP(C35,lst_FT_group_map_table,2,FALSE),"INVALID")) | J35: =IF(F35=1,IF(H35=I35,1,0),"") | K35: =IF(AND(ISNUMBER(MATCH(B35,lst_FT_sci_excl,0)),ISNUMBER(MATCH(C35,lst_FT_sci_excl,0))),IF(D35=E35,1,0),"") | L35: =IF(OR(G35=0,K35=0),1,"") | M35: =IF(L35=1,COUNTIF($L$2:L35,1),"") | O35: 34 | P35: =IFERROR(MATCH(O35,$M$2:$M$5001,0),"") | Q35: =IF(P35="","",INDEX($A$2:$A$5001,P35)) | R35: =IF(P35="","",INDEX($B$2:$B$5001,P35)) | S35: =IF(P35="","",INDEX($C$2:$C$5001,P35)) | T35: =IF(P35="","",INDEX($D$2:$D$5001,P35)) | U35: =IF(P35="","",INDEX($E$2:$E$5001,P35)) | W35: Agreement on exact FT disposition (10×10)
A36: =IF(screen_FT_reviewer_A!$A36="","",screen_FT_reviewer_A!$A36) | B36: =IF(OR($A36="",screen_FT_reviewer_A!$C36=""),"",screen_FT_reviewer_A!$C36) | C36: =IF(OR($A36="",screen_FT_reviewer_B!$C36=""),"",screen_FT_reviewer_B!$C36) | D36: =IF(OR($A36="",screen_FT_reviewer_A!$D36=""),"",screen_FT_reviewer_A!$D36) | E36: =IF(OR($A36="",screen_FT_reviewer_B!$D36=""),"",screen_FT_reviewer_B!$D36) | F36: =IF(AND(B36<>"",C36<>""),1,"") | G36: =IF(F36=1,IF(B36=C36,1,0),"") | H36: =IF(B36="","",IFERROR(VLOOKUP(B36,lst_FT_group_map_table,2,FALSE),"INVALID")) | I36: =IF(C36="","",IFERROR(VLOOKUP(C36,lst_FT_group_map_table,2,FALSE),"INVALID")) | J36: =IF(F36=1,IF(H36=I36,1,0),"") | K36: =IF(AND(ISNUMBER(MATCH(B36,lst_FT_sci_excl,0)),ISNUMBER(MATCH(C36,lst_FT_sci_excl,0))),IF(D36=E36,1,0),"") | L36: =IF(OR(G36=0,K36=0),1,"") | M36: =IF(L36=1,COUNTIF($L$2:L36,1),"") | O36: 35 | P36: =IFERROR(MATCH(O36,$M$2:$M$5001,0),"") | Q36: =IF(P36="","",INDEX($A$2:$A$5001,P36)) | R36: =IF(P36="","",INDEX($B$2:$B$5001,P36)) | S36: =IF(P36="","",INDEX($C$2:$C$5001,P36)) | T36: =IF(P36="","",INDEX($D$2:$D$5001,P36)) | U36: =IF(P36="","",INDEX($E$2:$E$5001,P36)) | W36: A (rows) \ B (cols) | X36: FRONTIER_PREPRINT | Y36: AWAITING_CLASSIFICATION | Z36: INCLUDE_A | AA36: INCLUDE_B | AB36: INCLUDE_A_AND_B | AC36: EXCLUDE_FT | AD36: NOT_RETRIEVED | AE36: AWAITING_TRANSLATION | AF36: DUPLICATE_RECORD | AG36: DUPLICATE_VERSION | AH36: row total (A)
A37: =IF(screen_FT_reviewer_A!$A37="","",screen_FT_reviewer_A!$A37) | B37: =IF(OR($A37="",screen_FT_reviewer_A!$C37=""),"",screen_FT_reviewer_A!$C37) | C37: =IF(OR($A37="",screen_FT_reviewer_B!$C37=""),"",screen_FT_reviewer_B!$C37) | D37: =IF(OR($A37="",screen_FT_reviewer_A!$D37=""),"",screen_FT_reviewer_A!$D37) | E37: =IF(OR($A37="",screen_FT_reviewer_B!$D37=""),"",screen_FT_reviewer_B!$D37) | F37: =IF(AND(B37<>"",C37<>""),1,"") | G37: =IF(F37=1,IF(B37=C37,1,0),"") | H37: =IF(B37="","",IFERROR(VLOOKUP(B37,lst_FT_group_map_table,2,FALSE),"INVALID")) | I37: =IF(C37="","",IFERROR(VLOOKUP(C37,lst_FT_group_map_table,2,FALSE),"INVALID")) | J37: =IF(F37=1,IF(H37=I37,1,0),"") | K37: =IF(AND(ISNUMBER(MATCH(B37,lst_FT_sci_excl,0)),ISNUMBER(MATCH(C37,lst_FT_sci_excl,0))),IF(D37=E37,1,0),"") | L37: =IF(OR(G37=0,K37=0),1,"") | M37: =IF(L37=1,COUNTIF($L$2:L37,1),"") | O37: 36 | P37: =IFERROR(MATCH(O37,$M$2:$M$5001,0),"") | Q37: =IF(P37="","",INDEX($A$2:$A$5001,P37)) | R37: =IF(P37="","",INDEX($B$2:$B$5001,P37)) | S37: =IF(P37="","",INDEX($C$2:$C$5001,P37)) | T37: =IF(P37="","",INDEX($D$2:$D$5001,P37)) | U37: =IF(P37="","",INDEX($E$2:$E$5001,P37)) | W37: FRONTIER_PREPRINT | X37: =COUNTIFS($B$2:$B$5001,$W37,$C$2:$C$5001,X$36) | Y37: =COUNTIFS($B$2:$B$5001,$W37,$C$2:$C$5001,Y$36) | Z37: =COUNTIFS($B$2:$B$5001,$W37,$C$2:$C$5001,Z$36) | AA37: =COUNTIFS($B$2:$B$5001,$W37,$C$2:$C$5001,AA$36) | AB37: =COUNTIFS($B$2:$B$5001,$W37,$C$2:$C$5001,AB$36) | AC37: =COUNTIFS($B$2:$B$5001,$W37,$C$2:$C$5001,AC$36) | AD37: =COUNTIFS($B$2:$B$5001,$W37,$C$2:$C$5001,AD$36) | AE37: =COUNTIFS($B$2:$B$5001,$W37,$C$2:$C$5001,AE$36) | ... AG37: =COUNTIFS($B$2:$B$5001,$W37,$C$2:$C$5001,AG$36) | AH37: =SUM(X37:AG37)
A38: =IF(screen_FT_reviewer_A!$A38="","",screen_FT_reviewer_A!$A38) | B38: =IF(OR($A38="",screen_FT_reviewer_A!$C38=""),"",screen_FT_reviewer_A!$C38) | C38: =IF(OR($A38="",screen_FT_reviewer_B!$C38=""),"",screen_FT_reviewer_B!$C38) | D38: =IF(OR($A38="",screen_FT_reviewer_A!$D38=""),"",screen_FT_reviewer_A!$D38) | E38: =IF(OR($A38="",screen_FT_reviewer_B!$D38=""),"",screen_FT_reviewer_B!$D38) | F38: =IF(AND(B38<>"",C38<>""),1,"") | G38: =IF(F38=1,IF(B38=C38,1,0),"") | H38: =IF(B38="","",IFERROR(VLOOKUP(B38,lst_FT_group_map_table,2,FALSE),"INVALID")) | I38: =IF(C38="","",IFERROR(VLOOKUP(C38,lst_FT_group_map_table,2,FALSE),"INVALID")) | J38: =IF(F38=1,IF(H38=I38,1,0),"") | K38: =IF(AND(ISNUMBER(MATCH(B38,lst_FT_sci_excl,0)),ISNUMBER(MATCH(C38,lst_FT_sci_excl,0))),IF(D38=E38,1,0),"") | L38: =IF(OR(G38=0,K38=0),1,"") | M38: =IF(L38=1,COUNTIF($L$2:L38,1),"") | O38: 37 | P38: =IFERROR(MATCH(O38,$M$2:$M$5001,0),"") | Q38: =IF(P38="","",INDEX($A$2:$A$5001,P38)) | R38: =IF(P38="","",INDEX($B$2:$B$5001,P38)) | S38: =IF(P38="","",INDEX($C$2:$C$5001,P38)) | T38: =IF(P38="","",INDEX($D$2:$D$5001,P38)) | U38: =IF(P38="","",INDEX($E$2:$E$5001,P38)) | W38: AWAITING_CLASSIFICATION | X38: =COUNTIFS($B$2:$B$5001,$W38,$C$2:$C$5001,X$36) | Y38: =COUNTIFS($B$2:$B$5001,$W38,$C$2:$C$5001,Y$36) | Z38: =COUNTIFS($B$2:$B$5001,$W38,$C$2:$C$5001,Z$36) | AA38: =COUNTIFS($B$2:$B$5001,$W38,$C$2:$C$5001,AA$36) | AB38: =COUNTIFS($B$2:$B$5001,$W38,$C$2:$C$5001,AB$36) | AC38: =COUNTIFS($B$2:$B$5001,$W38,$C$2:$C$5001,AC$36) | AD38: =COUNTIFS($B$2:$B$5001,$W38,$C$2:$C$5001,AD$36) | AE38: =COUNTIFS($B$2:$B$5001,$W38,$C$2:$C$5001,AE$36) | ... AG38: =COUNTIFS($B$2:$B$5001,$W38,$C$2:$C$5001,AG$36) | AH38: =SUM(X38:AG38)
A39: =IF(screen_FT_reviewer_A!$A39="","",screen_FT_reviewer_A!$A39) | B39: =IF(OR($A39="",screen_FT_reviewer_A!$C39=""),"",screen_FT_reviewer_A!$C39) | C39: =IF(OR($A39="",screen_FT_reviewer_B!$C39=""),"",screen_FT_reviewer_B!$C39) | D39: =IF(OR($A39="",screen_FT_reviewer_A!$D39=""),"",screen_FT_reviewer_A!$D39) | E39: =IF(OR($A39="",screen_FT_reviewer_B!$D39=""),"",screen_FT_reviewer_B!$D39) | F39: =IF(AND(B39<>"",C39<>""),1,"") | G39: =IF(F39=1,IF(B39=C39,1,0),"") | H39: =IF(B39="","",IFERROR(VLOOKUP(B39,lst_FT_group_map_table,2,FALSE),"INVALID")) | I39: =IF(C39="","",IFERROR(VLOOKUP(C39,lst_FT_group_map_table,2,FALSE),"INVALID")) | J39: =IF(F39=1,IF(H39=I39,1,0),"") | K39: =IF(AND(ISNUMBER(MATCH(B39,lst_FT_sci_excl,0)),ISNUMBER(MATCH(C39,lst_FT_sci_excl,0))),IF(D39=E39,1,0),"") | L39: =IF(OR(G39=0,K39=0),1,"") | M39: =IF(L39=1,COUNTIF($L$2:L39,1),"") | O39: 38 | P39: =IFERROR(MATCH(O39,$M$2:$M$5001,0),"") | Q39: =IF(P39="","",INDEX($A$2:$A$5001,P39)) | R39: =IF(P39="","",INDEX($B$2:$B$5001,P39)) | S39: =IF(P39="","",INDEX($C$2:$C$5001,P39)) | T39: =IF(P39="","",INDEX($D$2:$D$5001,P39)) | U39: =IF(P39="","",INDEX($E$2:$E$5001,P39)) | W39: INCLUDE_A | X39: =COUNTIFS($B$2:$B$5001,$W39,$C$2:$C$5001,X$36) | Y39: =COUNTIFS($B$2:$B$5001,$W39,$C$2:$C$5001,Y$36) | Z39: =COUNTIFS($B$2:$B$5001,$W39,$C$2:$C$5001,Z$36) | AA39: =COUNTIFS($B$2:$B$5001,$W39,$C$2:$C$5001,AA$36) | AB39: =COUNTIFS($B$2:$B$5001,$W39,$C$2:$C$5001,AB$36) | AC39: =COUNTIFS($B$2:$B$5001,$W39,$C$2:$C$5001,AC$36) | AD39: =COUNTIFS($B$2:$B$5001,$W39,$C$2:$C$5001,AD$36) | AE39: =COUNTIFS($B$2:$B$5001,$W39,$C$2:$C$5001,AE$36) | ... AG39: =COUNTIFS($B$2:$B$5001,$W39,$C$2:$C$5001,AG$36) | AH39: =SUM(X39:AG39)
A40: =IF(screen_FT_reviewer_A!$A40="","",screen_FT_reviewer_A!$A40) | B40: =IF(OR($A40="",screen_FT_reviewer_A!$C40=""),"",screen_FT_reviewer_A!$C40) | C40: =IF(OR($A40="",screen_FT_reviewer_B!$C40=""),"",screen_FT_reviewer_B!$C40) | D40: =IF(OR($A40="",screen_FT_reviewer_A!$D40=""),"",screen_FT_reviewer_A!$D40) | E40: =IF(OR($A40="",screen_FT_reviewer_B!$D40=""),"",screen_FT_reviewer_B!$D40) | F40: =IF(AND(B40<>"",C40<>""),1,"") | G40: =IF(F40=1,IF(B40=C40,1,0),"") | H40: =IF(B40="","",IFERROR(VLOOKUP(B40,lst_FT_group_map_table,2,FALSE),"INVALID")) | I40: =IF(C40="","",IFERROR(VLOOKUP(C40,lst_FT_group_map_table,2,FALSE),"INVALID")) | J40: =IF(F40=1,IF(H40=I40,1,0),"") | K40: =IF(AND(ISNUMBER(MATCH(B40,lst_FT_sci_excl,0)),ISNUMBER(MATCH(C40,lst_FT_sci_excl,0))),IF(D40=E40,1,0),"") | L40: =IF(OR(G40=0,K40=0),1,"") | M40: =IF(L40=1,COUNTIF($L$2:L40,1),"") | O40: 39 | P40: =IFERROR(MATCH(O40,$M$2:$M$5001,0),"") | Q40: =IF(P40="","",INDEX($A$2:$A$5001,P40)) | R40: =IF(P40="","",INDEX($B$2:$B$5001,P40)) | S40: =IF(P40="","",INDEX($C$2:$C$5001,P40)) | T40: =IF(P40="","",INDEX($D$2:$D$5001,P40)) | U40: =IF(P40="","",INDEX($E$2:$E$5001,P40)) | W40: INCLUDE_B | X40: =COUNTIFS($B$2:$B$5001,$W40,$C$2:$C$5001,X$36) | Y40: =COUNTIFS($B$2:$B$5001,$W40,$C$2:$C$5001,Y$36) | Z40: =COUNTIFS($B$2:$B$5001,$W40,$C$2:$C$5001,Z$36) | AA40: =COUNTIFS($B$2:$B$5001,$W40,$C$2:$C$5001,AA$36) | AB40: =COUNTIFS($B$2:$B$5001,$W40,$C$2:$C$5001,AB$36) | AC40: =COUNTIFS($B$2:$B$5001,$W40,$C$2:$C$5001,AC$36) | AD40: =COUNTIFS($B$2:$B$5001,$W40,$C$2:$C$5001,AD$36) | AE40: =COUNTIFS($B$2:$B$5001,$W40,$C$2:$C$5001,AE$36) | ... AG40: =COUNTIFS($B$2:$B$5001,$W40,$C$2:$C$5001,AG$36) | AH40: =SUM(X40:AG40)
A41: =IF(screen_FT_reviewer_A!$A41="","",screen_FT_reviewer_A!$A41) | B41: =IF(OR($A41="",screen_FT_reviewer_A!$C41=""),"",screen_FT_reviewer_A!$C41) | C41: =IF(OR($A41="",screen_FT_reviewer_B!$C41=""),"",screen_FT_reviewer_B!$C41) | D41: =IF(OR($A41="",screen_FT_reviewer_A!$D41=""),"",screen_FT_reviewer_A!$D41) | E41: =IF(OR($A41="",screen_FT_reviewer_B!$D41=""),"",screen_FT_reviewer_B!$D41) | F41: =IF(AND(B41<>"",C41<>""),1,"") | G41: =IF(F41=1,IF(B41=C41,1,0),"") | H41: =IF(B41="","",IFERROR(VLOOKUP(B41,lst_FT_group_map_table,2,FALSE),"INVALID")) | I41: =IF(C41="","",IFERROR(VLOOKUP(C41,lst_FT_group_map_table,2,FALSE),"INVALID")) | J41: =IF(F41=1,IF(H41=I41,1,0),"") | K41: =IF(AND(ISNUMBER(MATCH(B41,lst_FT_sci_excl,0)),ISNUMBER(MATCH(C41,lst_FT_sci_excl,0))),IF(D41=E41,1,0),"") | L41: =IF(OR(G41=0,K41=0),1,"") | M41: =IF(L41=1,COUNTIF($L$2:L41,1),"") | O41: 40 | P41: =IFERROR(MATCH(O41,$M$2:$M$5001,0),"") | Q41: =IF(P41="","",INDEX($A$2:$A$5001,P41)) | R41: =IF(P41="","",INDEX($B$2:$B$5001,P41)) | S41: =IF(P41="","",INDEX($C$2:$C$5001,P41)) | T41: =IF(P41="","",INDEX($D$2:$D$5001,P41)) | U41: =IF(P41="","",INDEX($E$2:$E$5001,P41)) | W41: INCLUDE_A_AND_B | X41: =COUNTIFS($B$2:$B$5001,$W41,$C$2:$C$5001,X$36) | Y41: =COUNTIFS($B$2:$B$5001,$W41,$C$2:$C$5001,Y$36) | Z41: =COUNTIFS($B$2:$B$5001,$W41,$C$2:$C$5001,Z$36) | AA41: =COUNTIFS($B$2:$B$5001,$W41,$C$2:$C$5001,AA$36) | AB41: =COUNTIFS($B$2:$B$5001,$W41,$C$2:$C$5001,AB$36) | AC41: =COUNTIFS($B$2:$B$5001,$W41,$C$2:$C$5001,AC$36) | AD41: =COUNTIFS($B$2:$B$5001,$W41,$C$2:$C$5001,AD$36) | AE41: =COUNTIFS($B$2:$B$5001,$W41,$C$2:$C$5001,AE$36) | ... AG41: =COUNTIFS($B$2:$B$5001,$W41,$C$2:$C$5001,AG$36) | AH41: =SUM(X41:AG41)
A42: =IF(screen_FT_reviewer_A!$A42="","",screen_FT_reviewer_A!$A42) | B42: =IF(OR($A42="",screen_FT_reviewer_A!$C42=""),"",screen_FT_reviewer_A!$C42) | C42: =IF(OR($A42="",screen_FT_reviewer_B!$C42=""),"",screen_FT_reviewer_B!$C42) | D42: =IF(OR($A42="",screen_FT_reviewer_A!$D42=""),"",screen_FT_reviewer_A!$D42) | E42: =IF(OR($A42="",screen_FT_reviewer_B!$D42=""),"",screen_FT_reviewer_B!$D42) | F42: =IF(AND(B42<>"",C42<>""),1,"") | G42: =IF(F42=1,IF(B42=C42,1,0),"") | H42: =IF(B42="","",IFERROR(VLOOKUP(B42,lst_FT_group_map_table,2,FALSE),"INVALID")) | I42: =IF(C42="","",IFERROR(VLOOKUP(C42,lst_FT_group_map_table,2,FALSE),"INVALID")) | J42: =IF(F42=1,IF(H42=I42,1,0),"") | K42: =IF(AND(ISNUMBER(MATCH(B42,lst_FT_sci_excl,0)),ISNUMBER(MATCH(C42,lst_FT_sci_excl,0))),IF(D42=E42,1,0),"") | L42: =IF(OR(G42=0,K42=0),1,"") | M42: =IF(L42=1,COUNTIF($L$2:L42,1),"") | O42: 41 | P42: =IFERROR(MATCH(O42,$M$2:$M$5001,0),"") | Q42: =IF(P42="","",INDEX($A$2:$A$5001,P42)) | R42: =IF(P42="","",INDEX($B$2:$B$5001,P42)) | S42: =IF(P42="","",INDEX($C$2:$C$5001,P42)) | T42: =IF(P42="","",INDEX($D$2:$D$5001,P42)) | U42: =IF(P42="","",INDEX($E$2:$E$5001,P42)) | W42: EXCLUDE_FT | X42: =COUNTIFS($B$2:$B$5001,$W42,$C$2:$C$5001,X$36) | Y42: =COUNTIFS($B$2:$B$5001,$W42,$C$2:$C$5001,Y$36) | Z42: =COUNTIFS($B$2:$B$5001,$W42,$C$2:$C$5001,Z$36) | AA42: =COUNTIFS($B$2:$B$5001,$W42,$C$2:$C$5001,AA$36) | AB42: =COUNTIFS($B$2:$B$5001,$W42,$C$2:$C$5001,AB$36) | AC42: =COUNTIFS($B$2:$B$5001,$W42,$C$2:$C$5001,AC$36) | AD42: =COUNTIFS($B$2:$B$5001,$W42,$C$2:$C$5001,AD$36) | AE42: =COUNTIFS($B$2:$B$5001,$W42,$C$2:$C$5001,AE$36) | ... AG42: =COUNTIFS($B$2:$B$5001,$W42,$C$2:$C$5001,AG$36) | AH42: =SUM(X42:AG42)
A43: =IF(screen_FT_reviewer_A!$A43="","",screen_FT_reviewer_A!$A43) | B43: =IF(OR($A43="",screen_FT_reviewer_A!$C43=""),"",screen_FT_reviewer_A!$C43) | C43: =IF(OR($A43="",screen_FT_reviewer_B!$C43=""),"",screen_FT_reviewer_B!$C43) | D43: =IF(OR($A43="",screen_FT_reviewer_A!$D43=""),"",screen_FT_reviewer_A!$D43) | E43: =IF(OR($A43="",screen_FT_reviewer_B!$D43=""),"",screen_FT_reviewer_B!$D43) | F43: =IF(AND(B43<>"",C43<>""),1,"") | G43: =IF(F43=1,IF(B43=C43,1,0),"") | H43: =IF(B43="","",IFERROR(VLOOKUP(B43,lst_FT_group_map_table,2,FALSE),"INVALID")) | I43: =IF(C43="","",IFERROR(VLOOKUP(C43,lst_FT_group_map_table,2,FALSE),"INVALID")) | J43: =IF(F43=1,IF(H43=I43,1,0),"") | K43: =IF(AND(ISNUMBER(MATCH(B43,lst_FT_sci_excl,0)),ISNUMBER(MATCH(C43,lst_FT_sci_excl,0))),IF(D43=E43,1,0),"") | L43: =IF(OR(G43=0,K43=0),1,"") | M43: =IF(L43=1,COUNTIF($L$2:L43,1),"") | O43: 42 | P43: =IFERROR(MATCH(O43,$M$2:$M$5001,0),"") | Q43: =IF(P43="","",INDEX($A$2:$A$5001,P43)) | R43: =IF(P43="","",INDEX($B$2:$B$5001,P43)) | S43: =IF(P43="","",INDEX($C$2:$C$5001,P43)) | T43: =IF(P43="","",INDEX($D$2:$D$5001,P43)) | U43: =IF(P43="","",INDEX($E$2:$E$5001,P43)) | W43: NOT_RETRIEVED | X43: =COUNTIFS($B$2:$B$5001,$W43,$C$2:$C$5001,X$36) | Y43: =COUNTIFS($B$2:$B$5001,$W43,$C$2:$C$5001,Y$36) | Z43: =COUNTIFS($B$2:$B$5001,$W43,$C$2:$C$5001,Z$36) | AA43: =COUNTIFS($B$2:$B$5001,$W43,$C$2:$C$5001,AA$36) | AB43: =COUNTIFS($B$2:$B$5001,$W43,$C$2:$C$5001,AB$36) | AC43: =COUNTIFS($B$2:$B$5001,$W43,$C$2:$C$5001,AC$36) | AD43: =COUNTIFS($B$2:$B$5001,$W43,$C$2:$C$5001,AD$36) | AE43: =COUNTIFS($B$2:$B$5001,$W43,$C$2:$C$5001,AE$36) | ... AG43: =COUNTIFS($B$2:$B$5001,$W43,$C$2:$C$5001,AG$36) | AH43: =SUM(X43:AG43)
A44: =IF(screen_FT_reviewer_A!$A44="","",screen_FT_reviewer_A!$A44) | B44: =IF(OR($A44="",screen_FT_reviewer_A!$C44=""),"",screen_FT_reviewer_A!$C44) | C44: =IF(OR($A44="",screen_FT_reviewer_B!$C44=""),"",screen_FT_reviewer_B!$C44) | D44: =IF(OR($A44="",screen_FT_reviewer_A!$D44=""),"",screen_FT_reviewer_A!$D44) | E44: =IF(OR($A44="",screen_FT_reviewer_B!$D44=""),"",screen_FT_reviewer_B!$D44) | F44: =IF(AND(B44<>"",C44<>""),1,"") | G44: =IF(F44=1,IF(B44=C44,1,0),"") | H44: =IF(B44="","",IFERROR(VLOOKUP(B44,lst_FT_group_map_table,2,FALSE),"INVALID")) | I44: =IF(C44="","",IFERROR(VLOOKUP(C44,lst_FT_group_map_table,2,FALSE),"INVALID")) | J44: =IF(F44=1,IF(H44=I44,1,0),"") | K44: =IF(AND(ISNUMBER(MATCH(B44,lst_FT_sci_excl,0)),ISNUMBER(MATCH(C44,lst_FT_sci_excl,0))),IF(D44=E44,1,0),"") | L44: =IF(OR(G44=0,K44=0),1,"") | M44: =IF(L44=1,COUNTIF($L$2:L44,1),"") | O44: 43 | P44: =IFERROR(MATCH(O44,$M$2:$M$5001,0),"") | Q44: =IF(P44="","",INDEX($A$2:$A$5001,P44)) | R44: =IF(P44="","",INDEX($B$2:$B$5001,P44)) | S44: =IF(P44="","",INDEX($C$2:$C$5001,P44)) | T44: =IF(P44="","",INDEX($D$2:$D$5001,P44)) | U44: =IF(P44="","",INDEX($E$2:$E$5001,P44)) | W44: AWAITING_TRANSLATION | X44: =COUNTIFS($B$2:$B$5001,$W44,$C$2:$C$5001,X$36) | Y44: =COUNTIFS($B$2:$B$5001,$W44,$C$2:$C$5001,Y$36) | Z44: =COUNTIFS($B$2:$B$5001,$W44,$C$2:$C$5001,Z$36) | AA44: =COUNTIFS($B$2:$B$5001,$W44,$C$2:$C$5001,AA$36) | AB44: =COUNTIFS($B$2:$B$5001,$W44,$C$2:$C$5001,AB$36) | AC44: =COUNTIFS($B$2:$B$5001,$W44,$C$2:$C$5001,AC$36) | AD44: =COUNTIFS($B$2:$B$5001,$W44,$C$2:$C$5001,AD$36) | AE44: =COUNTIFS($B$2:$B$5001,$W44,$C$2:$C$5001,AE$36) | ... AG44: =COUNTIFS($B$2:$B$5001,$W44,$C$2:$C$5001,AG$36) | AH44: =SUM(X44:AG44)
A45: =IF(screen_FT_reviewer_A!$A45="","",screen_FT_reviewer_A!$A45) | B45: =IF(OR($A45="",screen_FT_reviewer_A!$C45=""),"",screen_FT_reviewer_A!$C45) | C45: =IF(OR($A45="",screen_FT_reviewer_B!$C45=""),"",screen_FT_reviewer_B!$C45) | D45: =IF(OR($A45="",screen_FT_reviewer_A!$D45=""),"",screen_FT_reviewer_A!$D45) | E45: =IF(OR($A45="",screen_FT_reviewer_B!$D45=""),"",screen_FT_reviewer_B!$D45) | F45: =IF(AND(B45<>"",C45<>""),1,"") | G45: =IF(F45=1,IF(B45=C45,1,0),"") | H45: =IF(B45="","",IFERROR(VLOOKUP(B45,lst_FT_group_map_table,2,FALSE),"INVALID")) | I45: =IF(C45="","",IFERROR(VLOOKUP(C45,lst_FT_group_map_table,2,FALSE),"INVALID")) | J45: =IF(F45=1,IF(H45=I45,1,0),"") | K45: =IF(AND(ISNUMBER(MATCH(B45,lst_FT_sci_excl,0)),ISNUMBER(MATCH(C45,lst_FT_sci_excl,0))),IF(D45=E45,1,0),"") | L45: =IF(OR(G45=0,K45=0),1,"") | M45: =IF(L45=1,COUNTIF($L$2:L45,1),"") | O45: 44 | P45: =IFERROR(MATCH(O45,$M$2:$M$5001,0),"") | Q45: =IF(P45="","",INDEX($A$2:$A$5001,P45)) | R45: =IF(P45="","",INDEX($B$2:$B$5001,P45)) | S45: =IF(P45="","",INDEX($C$2:$C$5001,P45)) | T45: =IF(P45="","",INDEX($D$2:$D$5001,P45)) | U45: =IF(P45="","",INDEX($E$2:$E$5001,P45)) | W45: DUPLICATE_RECORD | X45: =COUNTIFS($B$2:$B$5001,$W45,$C$2:$C$5001,X$36) | Y45: =COUNTIFS($B$2:$B$5001,$W45,$C$2:$C$5001,Y$36) | Z45: =COUNTIFS($B$2:$B$5001,$W45,$C$2:$C$5001,Z$36) | AA45: =COUNTIFS($B$2:$B$5001,$W45,$C$2:$C$5001,AA$36) | AB45: =COUNTIFS($B$2:$B$5001,$W45,$C$2:$C$5001,AB$36) | AC45: =COUNTIFS($B$2:$B$5001,$W45,$C$2:$C$5001,AC$36) | AD45: =COUNTIFS($B$2:$B$5001,$W45,$C$2:$C$5001,AD$36) | AE45: =COUNTIFS($B$2:$B$5001,$W45,$C$2:$C$5001,AE$36) | ... AG45: =COUNTIFS($B$2:$B$5001,$W45,$C$2:$C$5001,AG$36) | AH45: =SUM(X45:AG45)
A46: =IF(screen_FT_reviewer_A!$A46="","",screen_FT_reviewer_A!$A46) | B46: =IF(OR($A46="",screen_FT_reviewer_A!$C46=""),"",screen_FT_reviewer_A!$C46) | C46: =IF(OR($A46="",screen_FT_reviewer_B!$C46=""),"",screen_FT_reviewer_B!$C46) | D46: =IF(OR($A46="",screen_FT_reviewer_A!$D46=""),"",screen_FT_reviewer_A!$D46) | E46: =IF(OR($A46="",screen_FT_reviewer_B!$D46=""),"",screen_FT_reviewer_B!$D46) | F46: =IF(AND(B46<>"",C46<>""),1,"") | G46: =IF(F46=1,IF(B46=C46,1,0),"") | H46: =IF(B46="","",IFERROR(VLOOKUP(B46,lst_FT_group_map_table,2,FALSE),"INVALID")) | I46: =IF(C46="","",IFERROR(VLOOKUP(C46,lst_FT_group_map_table,2,FALSE),"INVALID")) | J46: =IF(F46=1,IF(H46=I46,1,0),"") | K46: =IF(AND(ISNUMBER(MATCH(B46,lst_FT_sci_excl,0)),ISNUMBER(MATCH(C46,lst_FT_sci_excl,0))),IF(D46=E46,1,0),"") | L46: =IF(OR(G46=0,K46=0),1,"") | M46: =IF(L46=1,COUNTIF($L$2:L46,1),"") | O46: 45 | P46: =IFERROR(MATCH(O46,$M$2:$M$5001,0),"") | Q46: =IF(P46="","",INDEX($A$2:$A$5001,P46)) | R46: =IF(P46="","",INDEX($B$2:$B$5001,P46)) | S46: =IF(P46="","",INDEX($C$2:$C$5001,P46)) | T46: =IF(P46="","",INDEX($D$2:$D$5001,P46)) | U46: =IF(P46="","",INDEX($E$2:$E$5001,P46)) | W46: DUPLICATE_VERSION | X46: =COUNTIFS($B$2:$B$5001,$W46,$C$2:$C$5001,X$36) | Y46: =COUNTIFS($B$2:$B$5001,$W46,$C$2:$C$5001,Y$36) | Z46: =COUNTIFS($B$2:$B$5001,$W46,$C$2:$C$5001,Z$36) | AA46: =COUNTIFS($B$2:$B$5001,$W46,$C$2:$C$5001,AA$36) | AB46: =COUNTIFS($B$2:$B$5001,$W46,$C$2:$C$5001,AB$36) | AC46: =COUNTIFS($B$2:$B$5001,$W46,$C$2:$C$5001,AC$36) | AD46: =COUNTIFS($B$2:$B$5001,$W46,$C$2:$C$5001,AD$36) | AE46: =COUNTIFS($B$2:$B$5001,$W46,$C$2:$C$5001,AE$36) | ... AG46: =COUNTIFS($B$2:$B$5001,$W46,$C$2:$C$5001,AG$36) | AH46: =SUM(X46:AG46)
A47: =IF(screen_FT_reviewer_A!$A47="","",screen_FT_reviewer_A!$A47) | B47: =IF(OR($A47="",screen_FT_reviewer_A!$C47=""),"",screen_FT_reviewer_A!$C47) | C47: =IF(OR($A47="",screen_FT_reviewer_B!$C47=""),"",screen_FT_reviewer_B!$C47) | D47: =IF(OR($A47="",screen_FT_reviewer_A!$D47=""),"",screen_FT_reviewer_A!$D47) | E47: =IF(OR($A47="",screen_FT_reviewer_B!$D47=""),"",screen_FT_reviewer_B!$D47) | F47: =IF(AND(B47<>"",C47<>""),1,"") | G47: =IF(F47=1,IF(B47=C47,1,0),"") | H47: =IF(B47="","",IFERROR(VLOOKUP(B47,lst_FT_group_map_table,2,FALSE),"INVALID")) | I47: =IF(C47="","",IFERROR(VLOOKUP(C47,lst_FT_group_map_table,2,FALSE),"INVALID")) | J47: =IF(F47=1,IF(H47=I47,1,0),"") | K47: =IF(AND(ISNUMBER(MATCH(B47,lst_FT_sci_excl,0)),ISNUMBER(MATCH(C47,lst_FT_sci_excl,0))),IF(D47=E47,1,0),"") | L47: =IF(OR(G47=0,K47=0),1,"") | M47: =IF(L47=1,COUNTIF($L$2:L47,1),"") | O47: 46 | P47: =IFERROR(MATCH(O47,$M$2:$M$5001,0),"") | Q47: =IF(P47="","",INDEX($A$2:$A$5001,P47)) | R47: =IF(P47="","",INDEX($B$2:$B$5001,P47)) | S47: =IF(P47="","",INDEX($C$2:$C$5001,P47)) | T47: =IF(P47="","",INDEX($D$2:$D$5001,P47)) | U47: =IF(P47="","",INDEX($E$2:$E$5001,P47)) | W47: column total (B) | X47: =SUM(X37:X46) | Y47: =SUM(Y37:Y46) | Z47: =SUM(Z37:Z46) | AA47: =SUM(AA37:AA46) | AB47: =SUM(AB37:AB46) | AC47: =SUM(AC37:AC46) | AD47: =SUM(AD37:AD46) | AE47: =SUM(AE37:AE46) | ... AH47: =SUM(AH37:AH46)
A48: =IF(screen_FT_reviewer_A!$A48="","",screen_FT_reviewer_A!$A48) | B48: =IF(OR($A48="",screen_FT_reviewer_A!$C48=""),"",screen_FT_reviewer_A!$C48) | C48: =IF(OR($A48="",screen_FT_reviewer_B!$C48=""),"",screen_FT_reviewer_B!$C48) | D48: =IF(OR($A48="",screen_FT_reviewer_A!$D48=""),"",screen_FT_reviewer_A!$D48) | E48: =IF(OR($A48="",screen_FT_reviewer_B!$D48=""),"",screen_FT_reviewer_B!$D48) | F48: =IF(AND(B48<>"",C48<>""),1,"") | G48: =IF(F48=1,IF(B48=C48,1,0),"") | H48: =IF(B48="","",IFERROR(VLOOKUP(B48,lst_FT_group_map_table,2,FALSE),"INVALID")) | I48: =IF(C48="","",IFERROR(VLOOKUP(C48,lst_FT_group_map_table,2,FALSE),"INVALID")) | J48: =IF(F48=1,IF(H48=I48,1,0),"") | K48: =IF(AND(ISNUMBER(MATCH(B48,lst_FT_sci_excl,0)),ISNUMBER(MATCH(C48,lst_FT_sci_excl,0))),IF(D48=E48,1,0),"") | L48: =IF(OR(G48=0,K48=0),1,"") | M48: =IF(L48=1,COUNTIF($L$2:L48,1),"") | O48: 47 | P48: =IFERROR(MATCH(O48,$M$2:$M$5001,0),"") | Q48: =IF(P48="","",INDEX($A$2:$A$5001,P48)) | R48: =IF(P48="","",INDEX($B$2:$B$5001,P48)) | S48: =IF(P48="","",INDEX($C$2:$C$5001,P48)) | T48: =IF(P48="","",INDEX($D$2:$D$5001,P48)) | U48: =IF(P48="","",INDEX($E$2:$E$5001,P48)) | W48: n (jointly coded with listed codes) | X48: =AH47
A49: =IF(screen_FT_reviewer_A!$A49="","",screen_FT_reviewer_A!$A49) | B49: =IF(OR($A49="",screen_FT_reviewer_A!$C49=""),"",screen_FT_reviewer_A!$C49) | C49: =IF(OR($A49="",screen_FT_reviewer_B!$C49=""),"",screen_FT_reviewer_B!$C49) | D49: =IF(OR($A49="",screen_FT_reviewer_A!$D49=""),"",screen_FT_reviewer_A!$D49) | E49: =IF(OR($A49="",screen_FT_reviewer_B!$D49=""),"",screen_FT_reviewer_B!$D49) | F49: =IF(AND(B49<>"",C49<>""),1,"") | G49: =IF(F49=1,IF(B49=C49,1,0),"") | H49: =IF(B49="","",IFERROR(VLOOKUP(B49,lst_FT_group_map_table,2,FALSE),"INVALID")) | I49: =IF(C49="","",IFERROR(VLOOKUP(C49,lst_FT_group_map_table,2,FALSE),"INVALID")) | J49: =IF(F49=1,IF(H49=I49,1,0),"") | K49: =IF(AND(ISNUMBER(MATCH(B49,lst_FT_sci_excl,0)),ISNUMBER(MATCH(C49,lst_FT_sci_excl,0))),IF(D49=E49,1,0),"") | L49: =IF(OR(G49=0,K49=0),1,"") | M49: =IF(L49=1,COUNTIF($L$2:L49,1),"") | O49: 48 | P49: =IFERROR(MATCH(O49,$M$2:$M$5001,0),"") | Q49: =IF(P49="","",INDEX($A$2:$A$5001,P49)) | R49: =IF(P49="","",INDEX($B$2:$B$5001,P49)) | S49: =IF(P49="","",INDEX($C$2:$C$5001,P49)) | T49: =IF(P49="","",INDEX($D$2:$D$5001,P49)) | U49: =IF(P49="","",INDEX($E$2:$E$5001,P49)) | W49: observed agreements (diagonal) | X49: =SUM(X37,Y38,Z39,AA40,AB41,AC42,AD43,AE44,AF45,AG46)
